cylinder,defect_id,voxels,volume_mm3,equiv_diam_um,sqrt_area_um,z_ext_um,y_ext_um,x_ext_um,flatness
P007,137,1798,0.05696783200000001,477.4,707.1,500.0,836.6,1335.0,0.37
P007,11,1223,0.03874953200000001,419.8,593.3,500.0,925.6,587.4,0.54
P007,86,1117,0.035391028,407.3,594.9,100.0,676.4,801.0,0.12
P007,328,1005,0.03184242,393.3,564.3,100.0,623.0,979.0,0.1
P007,228,953,0.030194852,386.3,549.5,100.0,747.6,694.2,0.13
P007,326,894,0.028325496000000002,378.2,532.2,100.0,623.0,712.0,0.14
P007,237,746,0.023636264000000004,356.1,486.2,100.0,623.0,498.4,0.16
P007,291,740,0.02344616,355.1,484.2,100.0,534.0,979.0,0.1
P007,253,727,0.023034268000000004,353.0,479.9,100.0,569.6,623.0,0.16
P007,2,600,0.0190104,331.1,399.2,500.0,498.4,534.0,0.94
P007,13,593,0.018788612,329.8,433.5,100.0,480.6,658.6,0.15
P007,284,580,0.01837672,327.4,428.7,100.0,498.4,498.4,0.2
P007,198,578,0.018313352,327.0,427.9,100.0,498.4,551.8,0.18
P007,275,571,0.018091564,325.7,425.3,100.0,569.6,480.6,0.18
P007,296,561,0.017774724000000002,323.8,421.6,100.0,551.8,445.0,0.18
P007,33,539,0.017077676,319.5,413.3,100.0,551.8,445.0,0.18
P007,69,526,0.016665784000000003,316.9,408.2,100.0,462.8,623.0,0.16
P007,23,515,0.01631726,314.7,403.9,100.0,516.2,462.8,0.19
P007,74,504,0.015968736,312.4,369.5,500.0,445.0,516.2,0.97
P007,325,464,0.014701376,303.9,383.4,100.0,462.8,551.8,0.18
P007,213,411,0.013022124,291.9,360.9,100.0,338.2,605.2,0.17
P007,20,392,0.012420128000000002,287.3,352.4,100.0,427.2,480.6,0.21
P007,7,392,0.012420128000000002,287.3,352.4,100.0,356.0,498.4,0.2
P007,133,385,0.01219834,285.6,317.9,500.0,373.8,498.4,1.0
P007,169,375,0.0118815,283.1,344.7,100.0,391.6,409.4,0.24
P007,161,365,0.01156466,280.6,335.4,500.0,480.6,462.8,1.04
P007,156,339,0.010740876,273.7,327.7,100.0,534.0,338.2,0.19
P007,320,333,0.010550772000000002,272.1,324.8,100.0,338.2,427.2,0.23
P007,267,318,0.010075512000000002,268.0,317.4,100.0,480.6,373.8,0.21
P007,81,305,0.00966362,264.3,310.9,100.0,427.2,516.2,0.19
P007,208,302,0.009568568,263.4,309.3,100.0,445.0,302.6,0.22
P007,167,293,0.009283412000000001,260.8,304.7,100.0,356.0,445.0,0.22
P007,281,279,0.008839836,256.5,297.3,100.0,373.8,338.2,0.27
P007,41,266,0.008427944,252.5,284.8,500.0,373.8,427.2,1.17
P007,28,266,0.008427944,252.5,290.3,100.0,373.8,391.6,0.26
P007,154,264,0.008364575999999999,251.9,289.2,100.0,284.8,427.2,0.23
P007,57,256,0.008111104000000001,249.3,284.8,100.0,356.0,373.8,0.27
P007,309,246,0.007794264,246.0,279.2,100.0,373.8,284.8,0.27
P007,106,245,0.00776258,245.7,278.6,100.0,284.8,356.0,0.28
P007,238,244,0.007730896000000001,245.3,278.0,100.0,391.6,320.4,0.26
P007,283,242,0.007667528000000001,244.7,276.9,100.0,320.4,338.2,0.3
P007,310,239,0.007572475999999999,243.6,275.2,100.0,391.6,302.6,0.26
P007,96,238,0.007540792000000001,243.3,274.6,100.0,267.0,391.6,0.26
P007,204,236,0.007477424000000001,242.6,273.4,100.0,320.4,338.2,0.3
P007,128,231,0.007319004000000001,240.9,270.5,100.0,320.4,320.4,0.31
P007,103,230,0.00728732,240.5,270.0,100.0,231.4,427.2,0.23
P007,45,227,0.007192268000000001,239.5,268.2,100.0,302.6,338.2,0.3
P007,285,225,0.0071289,238.8,267.0,100.0,267.0,409.4,0.24
P007,99,223,0.007065532000000001,238.1,265.8,100.0,320.4,391.6,0.26
P007,172,220,0.00697048,237.0,264.0,100.0,284.8,373.8,0.27
P007,38,219,0.0069387960000000005,236.6,263.4,100.0,320.4,338.2,0.3
P007,176,214,0.006780376000000001,234.8,260.4,100.0,284.8,338.2,0.3
P007,113,213,0.006748692,234.5,259.8,100.0,267.0,373.8,0.27
P007,118,212,0.006717008000000002,234.1,204.5,500.0,231.4,249.2,2.01
P007,168,211,0.006685324000000001,233.7,258.6,100.0,302.6,320.4,0.31
P007,15,211,0.006685324000000001,233.7,258.6,100.0,320.4,302.6,0.31
P007,36,208,0.006590272,232.6,256.7,100.0,302.6,302.6,0.33
P007,177,203,0.006431852,230.7,253.6,100.0,373.8,338.2,0.27
P007,131,200,0.0063368,229.6,251.7,100.0,320.4,302.6,0.31
P007,164,199,0.006305116000000001,229.2,251.1,100.0,231.4,409.4,0.24
P007,202,193,0.006115012,226.9,247.3,100.0,302.6,302.6,0.33
P007,66,192,0.006083328000000001,226.5,246.6,100.0,320.4,267.0,0.31
P007,187,185,0.00586154,223.7,242.1,100.0,302.6,249.2,0.33
P007,10,182,0.005766488,222.5,240.1,100.0,338.2,249.2,0.3
P007,218,177,0.005608068,220.4,236.8,100.0,195.8,356.0,0.28
P007,91,175,0.0055447,219.6,235.5,100.0,302.6,302.6,0.33
P007,190,175,0.0055447,219.6,235.5,100.0,320.4,231.4,0.31
P007,212,175,0.0055447,219.6,235.5,100.0,213.6,338.2,0.3
P007,94,173,0.005481332000000001,218.8,234.1,100.0,320.4,284.8,0.31
P007,35,173,0.005481332000000001,218.8,234.1,100.0,284.8,284.8,0.35
P007,207,158,0.005006072,212.2,223.7,100.0,249.2,284.8,0.35
P007,327,157,0.004974388,211.8,223.0,100.0,249.2,284.8,0.35
P007,295,156,0.004942704000000001,211.3,222.3,100.0,267.0,231.4,0.37
P007,127,156,0.004942704000000001,211.3,222.3,100.0,213.6,302.6,0.33
P007,83,154,0.004879336000000001,210.4,220.9,100.0,267.0,249.2,0.37
P007,263,154,0.004879336000000001,210.4,220.9,100.0,249.2,267.0,0.37
P007,42,149,0.004720916,208.1,217.3,100.0,249.2,284.8,0.35
P007,195,148,0.004689232000000001,207.7,216.5,100.0,284.8,231.4,0.35
P007,144,146,0.004625864000000001,206.7,215.1,100.0,249.2,249.2,0.4
P007,3,144,0.004562496000000001,205.8,213.6,100.0,231.4,284.8,0.35
P007,316,144,0.004562496000000001,205.8,213.6,100.0,302.6,231.4,0.33
P007,145,142,0.004499128,204.8,212.1,100.0,249.2,249.2,0.4
P007,262,141,0.004467444,204.3,211.4,100.0,249.2,267.0,0.37
P007,79,141,0.004467444,204.3,211.4,100.0,231.4,284.8,0.35
P007,77,141,0.004467444,204.3,211.4,100.0,302.6,249.2,0.33
P007,239,140,0.00443576,203.9,210.6,100.0,249.2,231.4,0.4
P007,282,136,0.004309024000000001,201.9,207.6,100.0,213.6,249.2,0.4
P007,150,135,0.00427734,201.4,206.8,100.0,249.2,249.2,0.4
P007,147,134,0.004245656000000001,200.9,206.0,100.0,231.4,249.2,0.4
P007,89,131,0.004150604000000001,199.4,203.7,100.0,231.4,231.4,0.43
P007,18,130,0.004118920000000001,198.9,203.0,100.0,231.4,249.2,0.4
P007,14,125,0.0039605,196.3,199.0,100.0,231.4,320.4,0.31
P007,125,123,0.003897132,195.2,197.4,100.0,249.2,213.6,0.4
P007,226,122,0.0038654480000000005,194.7,196.6,100.0,231.4,231.4,0.43
P007,54,122,0.0038654480000000005,194.7,196.6,100.0,178.0,302.6,0.33
P007,220,119,0.0037703960000000005,193.1,194.2,100.0,213.6,231.4,0.43
P007,88,118,0.0037387120000000004,192.6,193.4,100.0,213.6,231.4,0.43
P007,159,116,0.003675344,191.5,191.7,100.0,213.6,231.4,0.43
P007,260,115,0.00364366,190.9,190.9,100.0,231.4,231.4,0.43
P007,175,115,0.00364366,190.9,190.9,100.0,231.4,213.6,0.43
P008,270,1179,0.037355436000000006,414.7,611.2,100.0,818.8,765.4,0.12
P008,283,983,0.031145372000000004,390.4,558.1,100.0,747.6,712.0,0.13
P008,7,858,0.027184872000000002,373.1,521.4,100.0,801.0,890.0,0.11
P008,207,844,0.026741296000000005,371.0,517.1,100.0,605.2,694.2,0.14
P008,291,754,0.023889736,357.3,488.8,100.0,729.8,462.8,0.14
P008,58,749,0.023731316000000002,356.5,487.1,100.0,551.8,623.0,0.16
P008,279,696,0.022052064,347.9,469.6,100.0,462.8,729.8,0.14
P008,177,644,0.020404496000000005,339.0,451.7,100.0,480.6,694.2,0.14
P008,34,640,0.02027776,338.3,450.3,100.0,534.0,623.0,0.16
P008,221,580,0.01837672,327.4,428.7,100.0,623.0,409.4,0.16
P008,194,548,0.017362832,321.3,416.7,100.0,551.8,587.4,0.17
P008,179,547,0.017331148,321.1,416.3,500.0,409.4,907.8,0.55
P008,6,503,0.015937051999999997,312.2,399.2,100.0,409.4,605.2,0.17
P008,55,494,0.015651896000000002,310.4,395.6,100.0,462.8,551.8,0.18
P008,292,476,0.015081584000000002,306.5,388.4,100.0,445.0,480.6,0.21
P008,254,475,0.0150499,306.3,387.9,100.0,480.6,516.2,0.19
P008,300,469,0.014859796000000002,305.0,385.5,100.0,462.8,480.6,0.21
P008,274,433,0.013719172,297.0,370.4,100.0,569.6,373.8,0.18
P008,140,427,0.013529068000000002,295.6,367.8,100.0,498.4,427.2,0.2
P008,313,385,0.01219834,285.6,349.3,100.0,480.6,462.8,0.21
P008,112,372,0.011786448000000001,282.4,343.3,100.0,516.2,356.0,0.19
P008,206,357,0.011311188,278.5,336.3,100.0,480.6,338.2,0.21
P008,130,346,0.010962664000000002,275.6,331.1,100.0,445.0,373.8,0.22
P008,237,331,0.010487404,271.6,323.8,100.0,427.2,338.2,0.23
P008,299,328,0.010392352000000002,270.8,322.4,100.0,480.6,302.6,0.21
P008,15,304,0.009631936,264.0,310.4,100.0,356.0,356.0,0.28
P008,50,296,0.009378464000000001,261.6,306.2,100.0,302.6,445.0,0.22
P008,101,288,0.009124992000000002,259.3,302.1,100.0,284.8,427.2,0.23
P008,136,281,0.008903204,257.1,298.4,100.0,320.4,373.8,0.27
P008,236,280,0.00887152,256.8,297.9,100.0,427.2,427.2,0.23
P008,4,278,0.008808152000000001,256.2,296.8,100.0,391.6,302.6,0.26
P008,175,271,0.008586364,254.1,293.0,100.0,284.8,462.8,0.22
P008,174,270,0.00855468,253.7,292.5,100.0,356.0,356.0,0.28
P008,67,268,0.008491312000000003,253.1,291.4,100.0,302.6,409.4,0.24
P008,306,262,0.008301208000000003,251.2,288.1,100.0,338.2,427.2,0.23
P008,94,256,0.008111104000000001,249.3,284.8,100.0,356.0,338.2,0.28
P008,46,252,0.007984368,248.0,282.6,100.0,391.6,267.0,0.26
P008,243,250,0.007921,247.3,281.4,100.0,356.0,356.0,0.28
P008,170,250,0.007921,247.3,281.4,100.0,409.4,356.0,0.24
P008,111,246,0.007794264,246.0,279.2,100.0,338.2,356.0,0.28
P008,168,245,0.00776258,245.7,278.6,100.0,427.2,338.2,0.23
P008,233,243,0.007699212000000001,245.0,277.5,100.0,409.4,267.0,0.24
P008,145,235,0.007445740000000001,242.3,272.9,100.0,356.0,284.8,0.28
P008,222,234,0.007414056,241.9,272.3,100.0,302.6,427.2,0.23
P008,186,234,0.007414056,241.9,272.3,100.0,338.2,338.2,0.3
P008,219,226,0.007160584000000001,239.1,267.6,100.0,356.0,284.8,0.28
P008,87,218,0.006907112000000001,236.3,223.7,500.0,302.6,284.8,1.65
P008,118,216,0.006843744,235.6,261.6,100.0,267.0,373.8,0.27
P008,197,211,0.006685324000000001,233.7,258.6,100.0,320.4,284.8,0.31
P008,86,211,0.006685324000000001,233.7,258.6,100.0,320.4,320.4,0.31
P008,137,210,0.006653640000000001,233.4,232.8,500.0,249.2,302.6,1.65
P008,157,190,0.006019960000000001,225.7,245.4,100.0,338.2,302.6,0.3
P008,132,189,0.005988276000000001,225.3,244.7,100.0,284.8,320.4,0.31
P008,259,187,0.005924908,224.5,243.4,100.0,249.2,320.4,0.31
P008,161,187,0.005924908,224.5,243.4,100.0,284.8,302.6,0.33
P008,166,181,0.005734804000000001,222.1,239.5,100.0,267.0,320.4,0.31
P008,47,180,0.00570312,221.7,238.8,100.0,284.8,267.0,0.35
P008,184,178,0.005639752,220.8,237.5,100.0,302.6,267.0,0.33
P008,75,178,0.005639752,220.8,237.5,100.0,284.8,267.0,0.35
P008,226,177,0.005608068,220.4,236.8,100.0,373.8,249.2,0.27
P008,30,172,0.005449648,218.3,233.4,100.0,320.4,231.4,0.31
P008,62,172,0.005449648,218.3,233.4,100.0,231.4,302.6,0.33
P008,295,171,0.005417964000000001,217.9,232.8,100.0,302.6,249.2,0.33
P008,42,170,0.00538628,217.5,232.1,100.0,302.6,231.4,0.33
P008,210,169,0.0053545960000000005,217.1,231.4,100.0,267.0,302.6,0.33
P008,85,167,0.005291228,216.2,230.0,100.0,231.4,302.6,0.33
P008,176,162,0.005132808,214.0,226.6,100.0,231.4,373.8,0.27
P008,276,161,0.005101124000000001,213.6,225.9,100.0,284.8,249.2,0.35
P008,280,160,0.00506944,213.1,225.2,100.0,267.0,284.8,0.35
P008,250,158,0.005006072,212.2,223.7,100.0,284.8,231.4,0.35
P008,124,158,0.005006072,212.2,223.7,100.0,284.8,249.2,0.35
P008,92,155,0.00491102,210.9,221.6,100.0,231.4,284.8,0.35
P008,71,153,0.004847652,210.0,220.2,100.0,267.0,249.2,0.37
P008,20,151,0.004784284,209.1,218.7,100.0,249.2,249.2,0.4
P008,244,150,0.0047526,208.6,218.0,100.0,267.0,249.2,0.37
P008,195,149,0.004720916,208.1,217.3,100.0,249.2,249.2,0.4
P008,202,148,0.004689232000000001,207.7,216.5,100.0,302.6,213.6,0.33
P008,242,148,0.004689232000000001,207.7,216.5,100.0,267.0,249.2,0.37
P008,28,147,0.004657548,207.2,215.8,100.0,267.0,231.4,0.37
P008,264,146,0.004625864000000001,206.7,215.1,100.0,231.4,267.0,0.37
P008,11,145,0.00459418,206.3,214.3,100.0,284.8,267.0,0.35
P008,61,144,0.004562496000000001,205.8,213.6,100.0,249.2,249.2,0.4
P008,146,140,0.00443576,203.9,210.6,100.0,249.2,267.0,0.37
P008,172,140,0.00443576,203.9,210.6,100.0,267.0,231.4,0.37
P008,285,137,0.004340708,202.4,208.3,100.0,231.4,284.8,0.35
P008,51,137,0.004340708,202.4,208.3,100.0,249.2,231.4,0.4
P008,260,134,0.004245656000000001,200.9,206.0,100.0,249.2,231.4,0.4
P008,249,133,0.004213972,200.4,205.3,100.0,213.6,249.2,0.4
P008,125,133,0.004213972,200.4,205.3,100.0,249.2,231.4,0.4
P008,191,133,0.004213972,200.4,205.3,100.0,249.2,231.4,0.4
P008,68,132,0.004182287999999999,199.9,204.5,100.0,231.4,267.0,0.37
P008,156,131,0.004150604000000001,199.4,203.7,100.0,213.6,267.0,0.37
P008,256,130,0.004118920000000001,198.9,203.0,100.0,195.8,267.0,0.37
P008,252,129,0.004087236000000001,198.4,202.2,100.0,267.0,213.6,0.37
P008,316,128,0.0040555520000000005,197.9,201.4,100.0,231.4,249.2,0.4
P008,311,128,0.0040555520000000005,197.9,201.4,100.0,231.4,231.4,0.43
P008,116,127,0.004023868,197.3,200.6,100.0,213.6,249.2,0.4
P008,198,125,0.0039605,196.3,199.0,100.0,267.0,213.6,0.37
P008,164,125,0.0039605,196.3,199.0,100.0,249.2,231.4,0.4
P008,239,124,0.003928816000000001,195.8,198.2,100.0,231.4,231.4,0.43
P016,215,1382,0.04378728800000001,437.3,655.9,500.0,907.8,818.8,0.55
P016,15,1360,0.04309024,435.0,567.1,500.0,676.4,961.2,0.52
P016,199,1078,0.034155352,402.6,584.4,100.0,765.4,801.0,0.12
P016,259,667,0.021133228000000004,343.0,459.7,100.0,551.8,640.8,0.16
P016,46,653,0.020689652,340.6,454.9,100.0,569.6,516.2,0.18
P016,3,600,0.0190104,331.1,436.0,100.0,445.0,605.2,0.17
P016,42,591,0.018725244000000002,329.5,432.7,100.0,605.2,551.8,0.17
P016,68,589,0.018661876,329.1,430.5,500.0,605.2,516.2,0.83
P016,118,556,0.017616304000000003,322.8,419.7,100.0,409.4,623.0,0.16
P016,47,555,0.01758462,322.6,419.3,100.0,569.6,427.2,0.18
P016,193,547,0.017331148,321.1,416.3,100.0,587.4,569.6,0.17
P016,160,507,0.016063788,313.1,400.8,100.0,320.4,658.6,0.15
P016,326,503,0.015937051999999997,312.2,399.2,100.0,676.4,409.4,0.15
P016,128,491,0.015556844000000004,309.7,394.4,100.0,551.8,391.6,0.18
P016,127,451,0.014289484,301.1,378.0,100.0,462.8,462.8,0.22
P016,211,450,0.0142578,300.9,377.6,100.0,534.0,658.6,0.15
P016,143,449,0.014226116000000004,300.6,331.1,500.0,445.0,356.0,1.12
P016,166,443,0.014036012000000002,299.3,374.6,100.0,445.0,516.2,0.19
P016,194,440,0.01394096,298.6,373.4,100.0,445.0,605.2,0.17
P016,45,424,0.013434016000000003,294.9,366.5,100.0,462.8,409.4,0.22
P016,122,418,0.013243912000000002,293.5,363.9,100.0,373.8,516.2,0.19
P016,51,418,0.013243912000000002,293.5,319.4,500.0,409.4,462.8,1.08
P016,102,410,0.01299044,291.7,360.4,100.0,445.0,569.6,0.18
P016,263,370,0.01172308,281.8,342.4,100.0,640.8,320.4,0.16
P016,273,363,0.011501292000000002,280.1,339.1,100.0,551.8,445.0,0.18
P016,138,361,0.011437924,279.5,338.2,100.0,320.4,551.8,0.18
P016,141,355,0.011247820000000002,278.0,335.4,100.0,480.6,427.2,0.21
P016,114,352,0.011152768,277.2,334.0,100.0,302.6,551.8,0.18
P016,328,352,0.011152768,277.2,334.0,100.0,356.0,462.8,0.22
P016,238,346,0.010962664000000002,275.6,331.1,100.0,409.4,373.8,0.24
P016,197,339,0.010740876,273.7,327.7,100.0,462.8,391.6,0.22
P016,226,325,0.0102973,269.9,320.9,100.0,373.8,409.4,0.24
P016,222,317,0.010043828000000001,267.7,316.9,100.0,427.2,338.2,0.23
P016,324,313,0.009917092000000002,266.6,314.9,100.0,427.2,356.0,0.23
P016,139,312,0.009885408000000002,266.3,314.4,100.0,409.4,373.8,0.24
P016,280,306,0.009695304,264.6,311.4,100.0,480.6,302.6,0.21
P016,91,303,0.009600252000000002,263.7,309.8,100.0,427.2,338.2,0.23
P016,250,288,0.009124992000000002,259.3,302.1,100.0,391.6,373.8,0.26
P016,78,283,0.008966572000000003,257.8,299.4,500.0,409.4,338.2,1.22
P016,190,280,0.00887152,256.8,297.9,100.0,302.6,445.0,0.22
P016,278,275,0.0087131,255.3,295.2,100.0,373.8,391.6,0.26
P016,206,257,0.008142788,249.6,285.4,100.0,391.6,338.2,0.26
P016,43,246,0.007794264,246.0,279.2,100.0,373.8,338.2,0.27
P016,233,245,0.00776258,245.7,278.6,100.0,338.2,320.4,0.3
P016,50,242,0.007667528000000001,244.7,276.9,100.0,249.2,373.8,0.27
P016,325,234,0.007414056,241.9,272.3,100.0,356.0,267.0,0.28
P016,64,228,0.007223952,239.8,268.8,100.0,338.2,320.4,0.3
P016,219,228,0.007223952,239.8,268.8,100.0,231.4,409.4,0.24
P016,264,227,0.007192268000000001,239.5,268.2,100.0,338.2,320.4,0.3
P016,288,225,0.0071289,238.8,267.0,100.0,302.6,356.0,0.28
P016,311,225,0.0071289,238.8,267.0,100.0,284.8,373.8,0.27
P016,84,223,0.007065532000000001,238.1,265.8,100.0,320.4,445.0,0.22
P016,261,220,0.00697048,237.0,264.0,100.0,284.8,338.2,0.3
P016,235,219,0.0069387960000000005,236.6,263.4,100.0,391.6,320.4,0.26
P016,258,212,0.006717008000000002,234.1,259.2,100.0,267.0,356.0,0.28
P016,104,210,0.006653640000000001,233.4,257.9,100.0,284.8,356.0,0.28
P016,220,208,0.006590272,232.6,256.7,100.0,302.6,338.2,0.3
P016,155,201,0.006368484,230.0,252.4,100.0,284.8,338.2,0.3
P016,317,197,0.006241748000000001,228.4,244.7,500.0,302.6,320.4,1.56
P016,23,195,0.00617838,227.7,248.6,100.0,338.2,284.8,0.3
P016,186,190,0.006019960000000001,225.7,245.4,100.0,320.4,284.8,0.31
P016,129,187,0.005924908,224.5,243.4,100.0,356.0,249.2,0.28
P016,35,185,0.00586154,223.7,242.1,100.0,249.2,320.4,0.31
P016,140,185,0.00586154,223.7,242.1,100.0,284.8,284.8,0.35
P016,99,182,0.005766488,222.5,240.1,100.0,338.2,267.0,0.3
P016,209,178,0.005639752,220.8,237.5,100.0,284.8,284.8,0.35
P016,2,174,0.005513016,219.2,234.8,100.0,267.0,284.8,0.35
P016,227,174,0.005513016,219.2,234.8,100.0,284.8,284.8,0.35
P016,117,173,0.005481332000000001,218.8,234.1,100.0,284.8,284.8,0.35
P016,282,173,0.005481332000000001,218.8,234.1,100.0,320.4,249.2,0.31
P016,6,172,0.005449648,218.3,233.4,100.0,284.8,284.8,0.35
P016,152,172,0.005449648,218.3,233.4,100.0,267.0,284.8,0.35
P016,276,172,0.005449648,218.3,233.4,100.0,267.0,284.8,0.35
P016,329,171,0.005417964000000001,217.9,232.8,100.0,302.6,356.0,0.28
P016,14,171,0.005417964000000001,217.9,232.8,100.0,231.4,302.6,0.33
P016,260,167,0.005291228,216.2,230.0,100.0,284.8,267.0,0.35
P016,115,167,0.005291228,216.2,230.0,100.0,249.2,302.6,0.33
P016,255,164,0.005196176000000001,214.9,228.0,100.0,320.4,213.6,0.31
P016,284,163,0.0051644920000000006,214.5,227.3,100.0,267.0,267.0,0.37
P016,248,160,0.00506944,213.1,225.2,100.0,249.2,284.8,0.35
P016,287,156,0.004942704000000001,211.3,222.3,100.0,284.8,231.4,0.35
P016,8,150,0.0047526,208.6,218.0,100.0,267.0,267.0,0.37
P016,33,148,0.004689232000000001,207.7,216.5,100.0,249.2,249.2,0.4
P016,251,146,0.004625864000000001,206.7,215.1,100.0,231.4,267.0,0.37
P016,279,144,0.004562496000000001,205.8,213.6,100.0,231.4,249.2,0.4
P016,314,143,0.004530812,205.3,212.9,100.0,267.0,267.0,0.37
P016,21,143,0.004530812,205.3,212.9,100.0,284.8,213.6,0.35
P016,69,142,0.004499128,204.8,212.1,100.0,267.0,249.2,0.37
P016,116,142,0.004499128,204.8,212.1,100.0,249.2,249.2,0.4
P016,303,141,0.004467444,204.3,211.4,100.0,249.2,249.2,0.4
P016,275,140,0.00443576,203.9,210.6,100.0,231.4,249.2,0.4
P016,72,140,0.00443576,203.9,210.6,100.0,249.2,249.2,0.4
P016,20,140,0.00443576,203.9,210.6,100.0,249.2,249.2,0.4
P016,319,139,0.004404076000000001,203.4,209.9,100.0,267.0,231.4,0.37
P016,149,139,0.004404076000000001,203.4,209.9,100.0,231.4,267.0,0.37
P016,246,138,0.004372392000000001,202.9,209.1,100.0,249.2,249.2,0.4
P016,192,138,0.004372392000000001,202.9,209.1,100.0,249.2,231.4,0.4
P016,134,135,0.00427734,201.4,206.8,100.0,249.2,231.4,0.4
P016,224,133,0.004213972,200.4,205.3,100.0,231.4,249.2,0.4
P016,274,132,0.004182287999999999,199.9,204.5,100.0,231.4,249.2,0.4
P017,273,4812,0.152463408,662.8,1020.2,1300.0,1192.6,1406.2,0.92
P017,503,4110,0.13022124000000002,628.9,1049.0,900.0,1566.4,1477.4,0.57
P017,55,4007,0.12695778800000002,623.6,1035.5,500.0,1085.8,1637.6,0.31
P017,151,3611,0.114410924,602.3,999.5,500.0,1352.8,1210.4,0.37
P017,524,2790,0.08839836000000001,552.7,920.3,500.0,1103.6,1246.0,0.4
P017,508,2451,0.07765748400000001,529.3,799.8,500.0,925.6,979.0,0.51
P017,444,1852,0.058678768000000006,482.1,727.0,500.0,712.0,1139.2,0.44
P017,10,1834,0.05810845600000001,480.6,714.2,500.0,979.0,872.2,0.51
P017,297,1777,0.05630246800000001,475.5,729.4,500.0,1121.4,836.6,0.45
P017,390,1644,0.052088496,463.4,720.8,500.0,943.4,925.6,0.53
P017,517,1533,0.048571572,452.7,696.9,100.0,783.2,1192.6,0.08
P017,331,1495,0.047367580000000006,448.9,688.2,100.0,836.6,943.4,0.11
P017,176,1481,0.046924004,447.5,666.5,500.0,925.6,818.8,0.54
P017,229,1304,0.041315936000000004,428.9,586.0,500.0,623.0,907.8,0.55
P017,149,1275,0.0403971,425.7,612.2,500.0,783.2,1103.6,0.45
P017,319,1255,0.03976342,423.5,584.4,500.0,623.0,818.8,0.61
P017,218,1222,0.038717848000000006,419.7,590.4,500.0,836.6,854.4,0.59
P017,293,1132,0.03586628800000001,409.2,598.9,100.0,712.0,818.8,0.12
P017,573,1098,0.034789032000000004,405.0,589.8,100.0,640.8,943.4,0.11
P017,433,1051,0.033299884,399.2,527.4,500.0,658.6,925.6,0.54
P017,399,995,0.03152558,391.9,561.5,100.0,676.4,836.6,0.12
P017,189,937,0.029687908000000006,384.2,544.9,100.0,551.8,836.6,0.12
P017,22,928,0.029402752,382.9,542.2,100.0,676.4,676.4,0.15
P017,336,910,0.028832440000000004,380.4,537.0,100.0,801.0,765.4,0.12
P017,561,883,0.027976972000000003,376.6,528.9,100.0,658.6,783.2,0.13
P017,271,837,0.026519508,370.0,515.0,100.0,783.2,765.4,0.13
P017,409,823,0.026075932000000003,367.9,510.6,100.0,623.0,569.6,0.16
P017,83,819,0.025949196000000004,367.3,509.4,100.0,605.2,712.0,0.14
P017,201,812,0.025727408,366.3,493.3,500.0,551.8,783.2,0.64
P017,174,808,0.025600672000000005,365.7,506.0,100.0,729.8,712.0,0.14
P017,26,799,0.025315516000000003,364.3,503.1,100.0,676.4,551.8,0.15
P017,280,781,0.024745204000000003,361.5,467.2,500.0,623.0,569.6,0.8
P017,308,781,0.024745204000000003,361.5,497.4,100.0,640.8,605.2,0.16
P017,41,776,0.024586784000000004,360.8,495.9,100.0,676.4,729.8,0.14
P017,186,762,0.024143208,358.6,491.4,100.0,872.2,640.8,0.11
P017,220,741,0.023477844000000005,355.3,484.5,100.0,551.8,658.6,0.15
P017,286,736,0.023319424000000005,354.5,482.9,100.0,729.8,516.2,0.14
P017,464,728,0.023065952,353.2,480.3,100.0,605.2,516.2,0.17
P017,386,722,0.022875848,352.2,425.7,500.0,498.4,551.8,0.91
P017,127,698,0.022115432,348.3,470.3,100.0,623.0,551.8,0.16
P017,272,669,0.021196596000000005,343.4,460.4,100.0,694.2,551.8,0.14
P017,68,662,0.020974808,342.2,442.5,500.0,498.4,605.2,0.83
P017,473,662,0.020974808,342.2,458.0,100.0,676.4,445.0,0.15
P017,393,639,0.020246076,338.2,450.0,100.0,534.0,569.6,0.18
P017,465,636,0.020151024000000003,337.6,448.9,100.0,694.2,480.6,0.14
P017,353,623,0.019739132,335.3,444.3,100.0,480.6,818.8,0.12
P017,455,617,0.019549028000000003,334.2,442.1,100.0,569.6,569.6,0.18
P017,412,613,0.019422292,333.5,440.7,100.0,694.2,551.8,0.14
P017,536,612,0.019390608,333.3,440.3,100.0,801.0,623.0,0.12
P017,496,611,0.019358924000000003,333.1,440.0,100.0,640.8,445.0,0.16
P017,232,607,0.019232188,332.4,438.5,100.0,534.0,605.2,0.17
P017,184,597,0.018915348,330.6,434.9,100.0,409.4,747.6,0.13
P017,556,581,0.018408404000000003,327.6,411.3,500.0,409.4,569.6,0.88
P017,102,577,0.018281668000000004,326.8,427.6,100.0,658.6,462.8,0.15
P017,287,574,0.018186616000000003,326.3,426.5,100.0,569.6,551.8,0.18
P017,53,571,0.018091564,325.7,425.3,100.0,534.0,516.2,0.19
P017,267,564,0.017869776,324.4,422.7,100.0,605.2,498.4,0.17
P017,108,558,0.017679672,323.2,420.5,100.0,623.0,498.4,0.16
P017,294,541,0.017141044000000005,319.9,414.0,100.0,640.8,427.2,0.16
P017,157,538,0.017045992,319.3,412.9,100.0,623.0,623.0,0.16
P017,568,524,0.016602416000000005,316.5,407.5,100.0,409.4,587.4,0.17
P017,91,523,0.016570732,316.3,407.1,100.0,605.2,391.6,0.17
P017,320,522,0.016539048,316.1,406.7,100.0,462.8,534.0,0.19
P017,240,521,0.016507364000000004,315.9,406.3,100.0,516.2,462.8,0.19
P017,306,503,0.015937051999999997,312.2,399.2,500.0,658.6,427.2,0.76
P017,185,497,0.015746948,311.0,396.8,100.0,427.2,534.0,0.19
P017,85,494,0.015651896000000002,310.4,395.6,100.0,427.2,534.0,0.19
P017,182,491,0.015556844000000004,309.7,394.4,100.0,498.4,569.6,0.18
P017,277,488,0.015461792000000002,309.1,393.2,100.0,587.4,480.6,0.17
P017,112,484,0.015335056000000001,308.2,391.6,100.0,498.4,480.6,0.2
P017,254,477,0.015113268000000003,306.8,388.8,100.0,498.4,516.2,0.19
P017,579,476,0.015081584000000002,306.5,388.4,100.0,569.6,498.4,0.18
P017,541,471,0.014923164000000003,305.5,386.3,100.0,480.6,462.8,0.21
P017,74,467,0.014796428,304.6,384.7,100.0,551.8,445.0,0.18
P017,206,463,0.014669692000000002,303.7,383.0,100.0,587.4,462.8,0.17
P017,562,460,0.01457464,303.1,381.8,100.0,569.6,427.2,0.18
P017,531,454,0.014384536000000002,301.7,379.3,100.0,551.8,373.8,0.18
P017,69,443,0.014036012000000002,299.3,374.6,100.0,587.4,534.0,0.17
P017,378,441,0.013972644,298.8,373.8,100.0,534.0,516.2,0.19
P017,34,440,0.01394096,298.6,350.2,500.0,427.2,462.8,1.08
P017,334,436,0.013814224000000002,297.7,371.7,100.0,480.6,551.8,0.18
P017,349,427,0.013529068000000002,295.6,356.9,500.0,498.4,516.2,0.97
P017,363,427,0.013529068000000002,295.6,367.8,100.0,409.4,480.6,0.21
P017,60,427,0.013529068000000002,295.6,367.8,100.0,516.2,551.8,0.18
P017,533,427,0.013529068000000002,295.6,367.8,100.0,409.4,587.4,0.17
P017,137,426,0.013497384,295.4,367.4,100.0,445.0,605.2,0.17
P017,442,411,0.013022124,291.9,360.9,100.0,427.2,569.6,0.18
P017,47,409,0.012958756000000002,291.4,360.0,100.0,445.0,427.2,0.22
P017,580,408,0.012927072000000001,291.2,359.5,100.0,480.6,445.0,0.21
P017,499,405,0.012832020000000001,290.5,358.2,100.0,462.8,427.2,0.22
P017,142,404,0.012800336000000002,290.2,357.8,100.0,409.4,694.2,0.14
P017,17,404,0.012800336000000002,290.2,357.8,100.0,427.2,498.4,0.2
P017,39,404,0.012800336000000002,290.2,357.8,100.0,516.2,409.4,0.19
P017,141,402,0.012736968,289.7,356.9,100.0,480.6,409.4,0.21
P017,107,396,0.012546864000000001,288.3,354.2,100.0,551.8,427.2,0.18
P017,405,395,0.01251518,288.1,353.8,100.0,480.6,391.6,0.21
P017,150,390,0.01235676,286.8,351.5,100.0,462.8,462.8,0.22
P017,93,390,0.01235676,286.8,351.5,100.0,480.6,516.2,0.19
P017,578,389,0.012325076000000003,286.6,351.1,100.0,391.6,462.8,0.22
P017,170,379,0.012008236,284.1,346.5,100.0,480.6,462.8,0.21
P023,29,583,0.018471772,328.0,429.8,100.0,480.6,587.4,0.17
P023,70,385,0.01219834,285.6,349.3,100.0,498.4,409.4,0.2
P023,89,382,0.012103288,284.9,341.9,500.0,373.8,498.4,1.0
P023,24,362,0.011469608000000003,279.8,338.7,100.0,409.4,462.8,0.22
P023,71,250,0.007921,247.3,281.4,100.0,427.2,338.2,0.23
P023,14,245,0.00776258,245.7,278.6,100.0,356.0,338.2,0.28
P023,51,211,0.006685324000000001,233.7,258.6,500.0,284.8,409.4,1.22
P023,92,198,0.006273432000000001,228.8,250.5,100.0,320.4,302.6,0.31
P023,90,198,0.006273432000000001,228.8,250.5,100.0,284.8,338.2,0.3
P023,9,187,0.005924908,224.5,243.4,100.0,338.2,320.4,0.3
P023,38,182,0.005766488,222.5,240.1,100.0,267.0,320.4,0.31
P023,58,177,0.005608068,220.4,236.8,100.0,302.6,249.2,0.33
P023,31,171,0.005417964000000001,217.9,232.8,100.0,320.4,249.2,0.31
P023,81,169,0.0053545960000000005,217.1,231.4,100.0,320.4,267.0,0.31
P023,80,142,0.004499128,204.8,212.1,100.0,267.0,249.2,0.37
P023,59,138,0.004372392000000001,202.9,209.1,100.0,249.2,249.2,0.4
P023,11,136,0.004309024000000001,201.9,207.6,100.0,231.4,249.2,0.4
P023,42,134,0.004245656000000001,200.9,206.0,100.0,231.4,267.0,0.37
P023,8,134,0.004245656000000001,200.9,206.0,100.0,249.2,249.2,0.4
P023,43,126,0.003992184,196.8,199.8,100.0,249.2,195.8,0.4
P023,74,117,0.003707028,192.0,192.5,100.0,231.4,231.4,0.43
P023,6,115,0.00364366,190.9,190.9,100.0,213.6,231.4,0.43
P023,13,112,0.003548608,189.2,188.4,100.0,195.8,249.2,0.4
P023,55,108,0.003421872,187.0,185.0,100.0,213.6,231.4,0.43
P023,91,108,0.003421872,187.0,185.0,100.0,302.6,178.0,0.33
P023,1,105,0.0033268200000000003,185.2,182.4,100.0,213.6,231.4,0.43
P023,73,104,0.003295136,184.6,181.5,100.0,213.6,213.6,0.47
P023,69,103,0.0032634520000000005,184.0,180.7,100.0,231.4,213.6,0.43
P023,93,103,0.0032634520000000005,184.0,180.7,100.0,231.4,213.6,0.43
P023,57,102,0.0032317680000000003,183.4,179.8,100.0,213.6,213.6,0.47
P023,50,101,0.0032000840000000006,182.8,178.9,100.0,213.6,213.6,0.47
P023,60,100,0.0031684,182.2,178.0,100.0,213.6,195.8,0.47
P023,33,97,0.0030733480000000005,180.4,175.3,100.0,213.6,195.8,0.47
P023,36,96,0.0030416640000000003,179.8,174.4,100.0,195.8,213.6,0.47
P023,62,95,0.0030099800000000006,179.1,173.5,100.0,213.6,213.6,0.47
P023,87,92,0.0029149280000000007,177.2,170.7,100.0,213.6,195.8,0.47
P023,45,89,0.002819876,175.3,167.9,100.0,195.8,195.8,0.51
P023,82,85,0.00269314,172.6,164.1,100.0,195.8,178.0,0.51
P023,41,85,0.00269314,172.6,164.1,100.0,195.8,195.8,0.51
P023,54,84,0.002661456,171.9,163.1,100.0,178.0,195.8,0.51
P023,30,82,0.0025980880000000006,170.6,161.2,100.0,195.8,195.8,0.51
P023,65,81,0.002566404,169.9,160.2,100.0,195.8,195.8,0.51
P023,66,81,0.002566404,169.9,160.2,100.0,195.8,195.8,0.51
P023,39,79,0.002503036,168.5,158.2,100.0,178.0,195.8,0.51
P023,67,77,0.0024396680000000003,167.0,156.2,100.0,195.8,195.8,0.51
P023,4,75,0.0023763,165.6,154.2,100.0,178.0,178.0,0.56
P023,79,74,0.0023446160000000003,164.8,153.1,100.0,178.0,195.8,0.51
P023,37,73,0.0023129320000000006,164.1,152.1,100.0,178.0,178.0,0.56
P023,34,72,0.0022812480000000005,163.3,151.0,100.0,178.0,178.0,0.56
P023,94,72,0.0022812480000000005,163.3,151.0,100.0,160.2,195.8,0.51
P023,26,69,0.0021861960000000005,161.0,147.9,100.0,178.0,178.0,0.56
P023,64,68,0.0021545120000000004,160.2,146.8,100.0,178.0,160.2,0.56
P023,75,68,0.0021545120000000004,160.2,146.8,100.0,160.2,178.0,0.56
P023,28,68,0.0021545120000000004,160.2,146.8,100.0,178.0,160.2,0.56
P023,44,67,0.0021228280000000006,159.5,145.7,100.0,178.0,178.0,0.56
P023,49,66,0.0020911439999999996,158.7,144.6,100.0,178.0,160.2,0.56
P023,21,65,0.0020594600000000004,157.9,143.5,100.0,178.0,178.0,0.56
P023,20,65,0.0020594600000000004,157.9,143.5,100.0,178.0,178.0,0.56
P023,32,64,0.0020277760000000002,157.0,142.4,100.0,160.2,178.0,0.56
P023,85,64,0.0020277760000000002,157.0,142.4,100.0,178.0,160.2,0.56
P023,7,60,0.0019010400000000003,153.7,137.9,100.0,160.2,160.2,0.62
P023,5,60,0.0019010400000000003,153.7,137.9,100.0,160.2,160.2,0.62
P023,10,59,0.0018693560000000002,152.8,136.7,100.0,160.2,160.2,0.62
P023,53,58,0.001837672,152.0,135.6,100.0,178.0,160.2,0.56
P023,46,55,0.00174262,149.3,132.0,100.0,160.2,160.2,0.62
P023,84,53,0.0016792520000000004,147.5,129.6,100.0,160.2,160.2,0.62
P023,19,53,0.0016792520000000004,147.5,129.6,100.0,160.2,160.2,0.62
P023,72,53,0.0016792520000000004,147.5,129.6,100.0,160.2,142.4,0.62
P023,88,51,0.0016158840000000002,145.6,127.1,100.0,160.2,142.4,0.62
P023,17,50,0.0015842,144.6,125.9,100.0,160.2,160.2,0.62
P023,76,49,0.0015525160000000003,143.7,124.6,100.0,142.4,142.4,0.7
P023,16,48,0.0015208320000000002,142.7,123.3,100.0,142.4,142.4,0.7
P023,27,44,0.001394096,138.6,118.1,100.0,142.4,142.4,0.7
P023,15,43,0.001362412,137.5,116.7,100.0,142.4,142.4,0.7
P023,86,42,0.001330728,136.5,115.4,100.0,142.4,142.4,0.7
P023,47,39,0.0012356760000000002,133.1,111.2,100.0,124.6,124.6,0.8
P023,63,39,0.0012356760000000002,133.1,111.2,100.0,124.6,124.6,0.8
P023,77,37,0.0011723080000000002,130.8,108.3,100.0,124.6,124.6,0.8
P023,2,36,0.0011406240000000002,129.6,106.8,100.0,124.6,124.6,0.8
P023,25,34,0.0010772560000000002,127.2,103.8,100.0,124.6,106.8,0.8
P023,35,28,0.000887152,119.2,94.2,100.0,106.8,106.8,0.94
P023,68,27,0.000855468,117.8,92.5,100.0,106.8,106.8,0.94
P023,48,26,0.000823784,116.3,90.8,100.0,106.8,106.8,0.94
P023,40,24,0.0007604160000000001,113.2,87.2,100.0,106.8,106.8,0.94
P023,56,19,0.000601996,104.8,77.6,100.0,89.0,89.0,1.12
P023,23,17,0.0005386280000000001,100.9,73.4,100.0,89.0,89.0,1.12
P023,83,16,0.0005069440000000001,98.9,71.2,100.0,89.0,71.2,1.12
P023,61,15,0.0004752600000000001,96.8,68.9,100.0,89.0,71.2,1.12
P023,3,14,0.000443576,94.6,66.6,100.0,71.2,89.0,1.12
P023,22,12,0.00038020800000000004,89.9,61.7,100.0,71.2,71.2,1.4
P023,18,10,0.00031684,84.6,56.3,100.0,71.2,71.2,1.4
P023,78,7,0.000221788,75.1,47.1,100.0,53.4,53.4,1.87
P023,52,4,0.00012673600000000001,62.3,35.6,100.0,53.4,53.4,1.87
P023,12,3,9.505200000000001e-05,56.6,30.8,100.0,35.6,35.6,2.81
P027,69,647,0.020499548,339.6,233.4,2500.0,267.0,302.6,8.26
P027,37,647,0.020499548,339.6,240.8,2100.0,249.2,338.2,6.21
P027,121,537,0.017014308,319.1,412.5,100.0,445.0,569.6,0.18
P027,49,425,0.0134657,295.2,367.0,100.0,427.2,516.2,0.19
P027,23,360,0.01140624,279.3,236.8,900.0,284.8,284.8,3.16
P027,50,357,0.011311188,278.5,336.3,100.0,462.8,391.6,0.22
P027,47,356,0.011279504,278.2,335.8,100.0,427.2,391.6,0.23
P027,148,315,0.00998046,267.1,217.3,900.0,249.2,267.0,3.37
P027,164,302,0.009568568,263.4,309.3,100.0,320.4,427.2,0.23
P027,130,300,0.0095052,262.8,308.3,100.0,320.4,445.0,0.22
P027,27,241,0.007635844,244.3,276.3,100.0,356.0,302.6,0.28
P027,133,222,0.0070338480000000005,237.7,232.1,500.0,267.0,284.8,1.76
P027,171,191,0.006051644,226.1,206.0,500.0,249.2,231.4,2.01
P027,162,189,0.005988276000000001,225.3,244.7,100.0,267.0,302.6,0.33
P027,151,177,0.005608068,220.4,236.8,100.0,284.8,267.0,0.35
P027,136,177,0.005608068,220.4,236.8,100.0,231.4,338.2,0.3
P027,88,177,0.005608068,220.4,236.8,100.0,249.2,320.4,0.31
P027,140,175,0.0055447,219.6,235.5,100.0,284.8,338.2,0.3
P027,96,171,0.005417964000000001,217.9,232.8,100.0,284.8,267.0,0.35
P027,28,169,0.0053545960000000005,217.1,231.4,100.0,267.0,267.0,0.37
P027,144,166,0.005259544,215.8,229.3,100.0,249.2,302.6,0.33
P027,79,155,0.00491102,210.9,221.6,100.0,249.2,267.0,0.37
P027,38,152,0.004815968,209.5,219.5,100.0,267.0,267.0,0.37
P027,13,151,0.004784284,209.1,218.7,100.0,249.2,267.0,0.37
P027,125,139,0.004404076000000001,203.4,209.9,100.0,267.0,249.2,0.37
P027,126,136,0.004309024000000001,201.9,207.6,100.0,249.2,249.2,0.4
P027,85,133,0.004213972,200.4,205.3,100.0,231.4,249.2,0.4
P027,114,133,0.004213972,200.4,179.8,500.0,213.6,213.6,2.34
P027,64,121,0.0038337640000000004,194.2,195.8,100.0,231.4,249.2,0.4
P027,142,120,0.0038020800000000007,193.6,195.0,100.0,231.4,231.4,0.43
P027,30,119,0.0037703960000000005,193.1,194.2,100.0,231.4,213.6,0.43
P027,2,118,0.0037387120000000004,192.6,193.4,100.0,231.4,213.6,0.43
P027,156,117,0.003707028,192.0,192.5,100.0,231.4,231.4,0.43
P027,62,117,0.003707028,192.0,192.5,100.0,231.4,231.4,0.43
P027,60,116,0.003675344,191.5,191.7,100.0,249.2,213.6,0.4
P027,111,116,0.003675344,191.5,191.7,100.0,213.6,231.4,0.43
P027,174,114,0.003611976,190.4,190.1,100.0,249.2,213.6,0.4
P027,9,112,0.003548608,189.2,188.4,100.0,213.6,231.4,0.43
P027,81,112,0.003548608,189.2,188.4,100.0,231.4,231.4,0.43
P027,163,111,0.0035169240000000003,188.7,187.5,100.0,213.6,213.6,0.47
P027,77,108,0.003421872,187.0,185.0,100.0,213.6,213.6,0.47
P027,135,107,0.0033901880000000006,186.4,184.1,100.0,213.6,213.6,0.47
P027,33,105,0.0033268200000000003,185.2,182.4,100.0,231.4,195.8,0.43
P027,119,103,0.0032634520000000005,184.0,180.7,100.0,249.2,195.8,0.4
P027,55,102,0.0032317680000000003,183.4,179.8,100.0,213.6,213.6,0.47
P027,141,101,0.0032000840000000006,182.8,178.9,100.0,213.6,213.6,0.47
P027,67,99,0.0031367160000000003,181.6,177.1,100.0,195.8,213.6,0.47
P027,11,98,0.0031050320000000006,181.0,176.2,100.0,195.8,213.6,0.47
P027,94,98,0.0031050320000000006,181.0,176.2,100.0,213.6,195.8,0.47
P027,118,98,0.0031050320000000006,181.0,176.2,100.0,213.6,195.8,0.47
P027,99,97,0.0030733480000000005,180.4,175.3,100.0,195.8,213.6,0.47
P027,6,97,0.0030733480000000005,180.4,175.3,100.0,213.6,195.8,0.47
P027,153,96,0.0030416640000000003,179.8,174.4,100.0,231.4,195.8,0.43
P027,40,95,0.0030099800000000006,179.1,173.5,100.0,213.6,213.6,0.47
P027,100,94,0.0029782960000000005,178.5,172.6,100.0,213.6,195.8,0.47
P027,139,94,0.0029782960000000005,178.5,172.6,100.0,195.8,213.6,0.47
P027,73,92,0.0029149280000000007,177.2,170.7,100.0,213.6,195.8,0.47
P027,48,90,0.00285156,175.9,168.9,100.0,195.8,195.8,0.51
P027,63,90,0.00285156,175.9,168.9,100.0,195.8,195.8,0.51
P027,87,87,0.002756508,174.0,166.0,100.0,195.8,195.8,0.51
P027,65,87,0.002756508,174.0,166.0,100.0,195.8,195.8,0.51
P027,103,87,0.002756508,174.0,166.0,100.0,195.8,195.8,0.51
P027,45,86,0.002724824,173.3,165.1,100.0,178.0,195.8,0.51
P027,4,86,0.002724824,173.3,165.1,100.0,213.6,195.8,0.47
P027,72,85,0.00269314,172.6,164.1,100.0,195.8,195.8,0.51
P027,143,84,0.002661456,171.9,163.1,100.0,195.8,195.8,0.51
P027,98,84,0.002661456,171.9,163.1,100.0,195.8,195.8,0.51
P027,106,83,0.002629772,171.3,162.2,100.0,195.8,178.0,0.51
P027,108,83,0.002629772,171.3,162.2,100.0,178.0,195.8,0.51
P027,68,83,0.002629772,171.3,162.2,100.0,195.8,195.8,0.51
P027,52,82,0.0025980880000000006,170.6,161.2,100.0,195.8,178.0,0.51
P027,175,82,0.0025980880000000006,170.6,161.2,100.0,195.8,195.8,0.51
P027,10,81,0.002566404,169.9,160.2,100.0,195.8,178.0,0.51
P027,155,81,0.002566404,169.9,160.2,100.0,195.8,195.8,0.51
P027,35,81,0.002566404,169.9,160.2,100.0,195.8,195.8,0.51
P027,159,80,0.00253472,169.2,159.2,100.0,195.8,178.0,0.51
P027,102,78,0.0024713520000000004,167.7,157.2,100.0,195.8,178.0,0.51
P027,146,77,0.0024396680000000003,167.0,156.2,100.0,178.0,178.0,0.56
P027,172,76,0.002407984,166.3,155.2,100.0,178.0,178.0,0.56
P027,145,76,0.002407984,166.3,155.2,100.0,178.0,178.0,0.56
P027,82,76,0.002407984,166.3,155.2,100.0,178.0,178.0,0.56
P027,29,75,0.0023763,165.6,154.2,100.0,178.0,195.8,0.51
P027,78,75,0.0023763,165.6,154.2,100.0,178.0,178.0,0.56
P027,157,74,0.0023446160000000003,164.8,153.1,100.0,178.0,178.0,0.56
P027,95,73,0.0023129320000000006,164.1,152.1,100.0,178.0,178.0,0.56
P027,7,72,0.0022812480000000005,163.3,151.0,100.0,178.0,178.0,0.56
P027,80,70,0.00221788,161.8,148.9,100.0,178.0,178.0,0.56
P027,86,69,0.0021861960000000005,161.0,147.9,100.0,178.0,178.0,0.56
P027,66,69,0.0021861960000000005,161.0,147.9,100.0,178.0,178.0,0.56
P027,20,67,0.0021228280000000006,159.5,145.7,100.0,160.2,178.0,0.56
P027,36,67,0.0021228280000000006,159.5,145.7,100.0,178.0,178.0,0.56
P027,158,65,0.0020594600000000004,157.9,143.5,100.0,160.2,178.0,0.56
P027,107,65,0.0020594600000000004,157.9,143.5,100.0,178.0,178.0,0.56
P027,104,65,0.0020594600000000004,157.9,143.5,100.0,160.2,178.0,0.56
P027,56,65,0.0020594600000000004,157.9,143.5,100.0,160.2,178.0,0.56
P027,21,64,0.0020277760000000002,157.0,142.4,100.0,160.2,160.2,0.62
P027,42,64,0.0020277760000000002,157.0,142.4,100.0,178.0,160.2,0.56
P027,105,64,0.0020277760000000002,157.0,142.4,100.0,160.2,178.0,0.56
P027,127,64,0.0020277760000000002,157.0,142.4,100.0,178.0,160.2,0.56
P027,128,63,0.001996092,156.2,141.3,100.0,160.2,178.0,0.56
P032,99,543,0.017204412,320.3,414.8,100.0,462.8,676.4,0.15
P032,103,417,0.013212228,293.3,363.5,100.0,373.8,498.4,0.2
P032,49,385,0.01219834,285.6,349.3,100.0,551.8,391.6,0.18
P032,82,302,0.009568568,263.4,309.3,100.0,356.0,356.0,0.28
P032,2,279,0.008839836,256.5,297.3,100.0,409.4,356.0,0.24
P032,70,256,0.008111104000000001,249.3,284.8,100.0,320.4,356.0,0.28
P032,3,251,0.007952684000000002,247.7,282.0,100.0,427.2,267.0,0.23
P032,32,241,0.007635844,244.3,276.3,100.0,427.2,284.8,0.23
P032,106,223,0.007065532000000001,238.1,265.8,100.0,445.0,302.6,0.22
P032,7,217,0.006875428000000001,235.9,262.2,100.0,267.0,427.2,0.23
P032,59,204,0.006463536000000001,231.1,254.2,100.0,320.4,338.2,0.3
P032,15,201,0.006368484,230.0,252.4,100.0,302.6,302.6,0.33
P032,85,199,0.006305116000000001,229.2,251.1,100.0,320.4,320.4,0.31
P032,23,195,0.00617838,227.7,248.6,100.0,320.4,284.8,0.31
P032,102,166,0.005259544,215.8,229.3,100.0,267.0,249.2,0.37
P032,48,162,0.005132808,214.0,226.6,100.0,249.2,284.8,0.35
P032,37,159,0.005037756000000001,212.7,224.4,100.0,231.4,320.4,0.31
P032,62,154,0.004879336000000001,210.4,220.9,100.0,249.2,284.8,0.35
P032,73,153,0.004847652,210.0,220.2,100.0,267.0,267.0,0.37
P032,34,151,0.004784284,209.1,218.7,100.0,231.4,302.6,0.33
P032,86,138,0.004372392000000001,202.9,209.1,100.0,249.2,267.0,0.37
P032,74,131,0.004150604000000001,199.4,203.7,100.0,231.4,231.4,0.43
P032,24,130,0.004118920000000001,198.9,203.0,100.0,231.4,249.2,0.4
P032,31,130,0.004118920000000001,198.9,203.0,100.0,213.6,267.0,0.37
P032,1,124,0.003928816000000001,195.8,198.2,100.0,213.6,249.2,0.4
P032,79,121,0.0038337640000000004,194.2,195.8,100.0,213.6,231.4,0.43
P032,42,118,0.0037387120000000004,192.6,193.4,100.0,249.2,213.6,0.4
P032,93,113,0.0035802920000000005,189.8,189.2,100.0,231.4,213.6,0.43
P032,52,110,0.00348524,188.1,186.7,100.0,213.6,231.4,0.43
P032,98,109,0.0034535560000000004,187.5,185.8,100.0,213.6,231.4,0.43
P032,55,108,0.003421872,187.0,185.0,100.0,231.4,213.6,0.43
P032,84,104,0.003295136,184.6,181.5,100.0,213.6,213.6,0.47
P032,16,103,0.0032634520000000005,184.0,180.7,100.0,195.8,213.6,0.47
P032,50,102,0.0032317680000000003,183.4,179.8,100.0,213.6,231.4,0.43
P032,54,98,0.0031050320000000006,181.0,176.2,100.0,231.4,195.8,0.43
P032,94,97,0.0030733480000000005,180.4,175.3,100.0,213.6,195.8,0.47
P032,60,94,0.0029782960000000005,178.5,172.6,100.0,195.8,213.6,0.47
P032,105,94,0.0029782960000000005,178.5,172.6,100.0,178.0,284.8,0.35
P032,75,92,0.0029149280000000007,177.2,170.7,100.0,195.8,213.6,0.47
P032,66,90,0.00285156,175.9,168.9,100.0,195.8,195.8,0.51
P032,96,89,0.002819876,175.3,167.9,100.0,213.6,195.8,0.47
P032,97,88,0.002788192,174.6,167.0,100.0,195.8,195.8,0.51
P032,53,87,0.002756508,174.0,166.0,100.0,213.6,195.8,0.47
P032,12,87,0.002756508,174.0,166.0,100.0,195.8,195.8,0.51
P032,89,86,0.002724824,173.3,165.1,100.0,195.8,195.8,0.51
P032,88,85,0.00269314,172.6,164.1,100.0,195.8,213.6,0.47
P032,28,84,0.002661456,171.9,163.1,100.0,195.8,195.8,0.51
P032,76,84,0.002661456,171.9,163.1,100.0,195.8,195.8,0.51
P032,38,82,0.0025980880000000006,170.6,161.2,100.0,195.8,195.8,0.51
P032,47,79,0.002503036,168.5,158.2,100.0,195.8,195.8,0.51
P032,9,72,0.0022812480000000005,163.3,151.0,100.0,178.0,178.0,0.56
P032,64,71,0.002249564,162.6,150.0,100.0,178.0,178.0,0.56
P032,68,70,0.00221788,161.8,148.9,100.0,178.0,178.0,0.56
P032,69,67,0.0021228280000000006,159.5,145.7,100.0,160.2,178.0,0.56
P032,17,67,0.0021228280000000006,159.5,145.7,100.0,178.0,178.0,0.56
P032,41,66,0.0020911439999999996,158.7,144.6,100.0,160.2,178.0,0.56
P032,83,65,0.0020594600000000004,157.9,143.5,100.0,178.0,178.0,0.56
P032,36,65,0.0020594600000000004,157.9,143.5,100.0,160.2,178.0,0.56
P032,72,64,0.0020277760000000002,157.0,142.4,100.0,160.2,160.2,0.62
P032,13,63,0.001996092,156.2,141.3,100.0,160.2,178.0,0.56
P032,10,62,0.0019644080000000004,155.4,140.2,100.0,178.0,160.2,0.56
P032,33,62,0.0019644080000000004,155.4,140.2,100.0,160.2,160.2,0.62
P032,92,60,0.0019010400000000003,153.7,137.9,100.0,160.2,160.2,0.62
P032,29,59,0.0018693560000000002,152.8,136.7,100.0,178.0,160.2,0.56
P032,61,57,0.001805988,151.1,134.4,100.0,160.2,178.0,0.56
P032,71,54,0.001710936,148.4,130.8,100.0,160.2,160.2,0.62
P032,91,53,0.0016792520000000004,147.5,129.6,100.0,142.4,160.2,0.62
P032,56,53,0.0016792520000000004,147.5,129.6,100.0,160.2,160.2,0.62
P032,40,52,0.001647568,146.5,128.4,100.0,160.2,142.4,0.62
P032,11,51,0.0016158840000000002,145.6,127.1,100.0,142.4,160.2,0.62
P032,18,50,0.0015842,144.6,125.9,100.0,142.4,160.2,0.62
P032,4,50,0.0015842,144.6,125.9,100.0,142.4,160.2,0.62
P032,26,49,0.0015525160000000003,143.7,124.6,100.0,142.4,142.4,0.7
P032,19,49,0.0015525160000000003,143.7,124.6,100.0,160.2,142.4,0.62
P032,25,48,0.0015208320000000002,142.7,123.3,100.0,142.4,142.4,0.7
P032,104,48,0.0015208320000000002,142.7,123.3,100.0,160.2,142.4,0.62
P032,80,47,0.0014891480000000003,141.7,122.0,100.0,142.4,142.4,0.7
P032,67,47,0.0014891480000000003,141.7,122.0,100.0,142.4,142.4,0.7
P032,30,45,0.00142578,139.6,119.4,100.0,142.4,142.4,0.7
P032,100,40,0.00126736,134.3,112.6,100.0,124.6,142.4,0.7
P032,6,37,0.0011723080000000002,130.8,108.3,100.0,124.6,124.6,0.8
P032,20,37,0.0011723080000000002,130.8,108.3,100.0,124.6,124.6,0.8
P032,21,37,0.0011723080000000002,130.8,108.3,100.0,124.6,142.4,0.7
P032,63,36,0.0011406240000000002,129.6,106.8,100.0,124.6,124.6,0.8
P032,78,35,0.00110894,128.4,105.3,100.0,124.6,124.6,0.8
P032,77,34,0.0010772560000000002,127.2,103.8,100.0,124.6,124.6,0.8
P032,90,34,0.0010772560000000002,127.2,103.8,100.0,124.6,124.6,0.8
P032,87,33,0.0010455719999999998,125.9,102.3,100.0,106.8,142.4,0.7
P032,51,32,0.0010138880000000001,124.6,100.7,100.0,124.6,106.8,0.8
P032,81,32,0.0010138880000000001,124.6,100.7,100.0,124.6,124.6,0.8
P032,27,31,0.0009822040000000002,123.3,99.1,100.0,106.8,124.6,0.8
P032,5,29,0.000918836,120.6,95.9,100.0,106.8,124.6,0.8
P032,65,29,0.000918836,120.6,95.9,100.0,124.6,124.6,0.8
P032,58,27,0.000855468,117.8,92.5,100.0,106.8,106.8,0.94
P032,8,26,0.000823784,116.3,90.8,100.0,106.8,106.8,0.94
P032,95,23,0.0007287320000000002,111.6,85.4,100.0,89.0,106.8,0.94
P032,39,23,0.0007287320000000002,111.6,85.4,100.0,106.8,89.0,0.94
P032,101,17,0.0005386280000000001,100.9,73.4,100.0,89.0,89.0,1.12
P032,22,16,0.0005069440000000001,98.9,71.2,100.0,89.0,71.2,1.12
P032,43,13,0.000411892,92.3,64.2,100.0,71.2,71.2,1.4
P037,69,333,0.010550772000000002,272.1,324.8,100.0,356.0,427.2,0.23
P037,83,328,0.010392352000000002,270.8,322.4,100.0,391.6,391.6,0.26
P037,118,318,0.010075512000000002,268.0,317.4,100.0,320.4,409.4,0.24
P037,96,313,0.009917092000000002,266.6,314.9,100.0,409.4,373.8,0.24
P037,15,305,0.00966362,264.3,310.9,100.0,356.0,427.2,0.23
P037,95,304,0.009631936,264.0,310.4,100.0,373.8,356.0,0.27
P037,64,303,0.009600252000000002,263.7,309.8,100.0,409.4,338.2,0.24
P037,28,303,0.009600252000000002,263.7,309.8,100.0,391.6,373.8,0.26
P037,59,284,0.008998256,258.1,300.0,100.0,391.6,320.4,0.26
P037,49,283,0.008966572000000003,257.8,299.4,100.0,427.2,302.6,0.23
P037,117,281,0.008903204,257.1,298.4,100.0,284.8,391.6,0.26
P037,109,280,0.00887152,256.8,297.9,100.0,391.6,356.0,0.26
P037,22,257,0.008142788,249.6,285.4,100.0,356.0,338.2,0.28
P037,41,246,0.007794264,246.0,279.2,100.0,356.0,338.2,0.28
P037,92,223,0.007065532000000001,238.1,265.8,100.0,284.8,338.2,0.3
P037,17,196,0.006210064000000001,228.1,249.2,100.0,267.0,427.2,0.23
P037,80,183,0.005798172,222.9,240.8,100.0,391.6,267.0,0.26
P037,120,180,0.00570312,221.7,238.8,100.0,249.2,320.4,0.31
P037,93,167,0.005291228,216.2,230.0,100.0,284.8,284.8,0.35
P037,19,167,0.005291228,216.2,230.0,100.0,284.8,284.8,0.35
P037,125,163,0.0051644920000000006,214.5,227.3,100.0,267.0,267.0,0.37
P037,127,157,0.004974388,211.8,223.0,100.0,284.8,231.4,0.35
P037,78,151,0.004784284,209.1,218.7,100.0,267.0,249.2,0.37
P037,23,148,0.004689232000000001,207.7,216.5,100.0,267.0,267.0,0.37
P037,77,144,0.004562496000000001,205.8,213.6,100.0,249.2,267.0,0.37
P037,113,142,0.004499128,204.8,212.1,100.0,249.2,249.2,0.4
P037,38,141,0.004467444,204.3,211.4,100.0,249.2,249.2,0.4
P037,107,141,0.004467444,204.3,211.4,100.0,249.2,249.2,0.4
P037,46,141,0.004467444,204.3,211.4,100.0,302.6,195.8,0.33
P037,67,140,0.00443576,203.9,210.6,100.0,213.6,267.0,0.37
P037,84,140,0.00443576,203.9,210.6,100.0,302.6,213.6,0.33
P037,18,138,0.004372392000000001,202.9,209.1,100.0,249.2,249.2,0.4
P037,8,133,0.004213972,200.4,205.3,100.0,249.2,249.2,0.4
P037,39,129,0.004087236000000001,198.4,202.2,100.0,249.2,231.4,0.4
P037,97,127,0.004023868,197.3,200.6,100.0,284.8,195.8,0.35
P037,13,125,0.0039605,196.3,199.0,100.0,213.6,249.2,0.4
P037,1,118,0.0037387120000000004,192.6,193.4,100.0,249.2,213.6,0.4
P037,50,112,0.003548608,189.2,188.4,100.0,213.6,231.4,0.43
P037,35,108,0.003421872,187.0,185.0,100.0,213.6,213.6,0.47
P037,130,105,0.0033268200000000003,185.2,182.4,100.0,213.6,213.6,0.47
P037,66,104,0.003295136,184.6,181.5,100.0,213.6,213.6,0.47
P037,108,103,0.0032634520000000005,184.0,180.7,100.0,213.6,213.6,0.47
P037,132,101,0.0032000840000000006,182.8,178.9,100.0,231.4,195.8,0.43
P037,86,100,0.0031684,182.2,178.0,100.0,213.6,195.8,0.47
P037,61,99,0.0031367160000000003,181.6,177.1,100.0,213.6,213.6,0.47
P037,115,99,0.0031367160000000003,181.6,177.1,100.0,195.8,213.6,0.47
P037,55,97,0.0030733480000000005,180.4,175.3,100.0,195.8,213.6,0.47
P037,131,96,0.0030416640000000003,179.8,174.4,100.0,195.8,213.6,0.47
P037,85,96,0.0030416640000000003,179.8,174.4,100.0,213.6,213.6,0.47
P037,29,95,0.0030099800000000006,179.1,173.5,100.0,213.6,195.8,0.47
P037,10,94,0.0029782960000000005,178.5,172.6,100.0,213.6,213.6,0.47
P037,43,93,0.0029466120000000004,177.9,171.7,100.0,195.8,213.6,0.47
P037,102,92,0.0029149280000000007,177.2,170.7,100.0,213.6,213.6,0.47
P037,25,92,0.0029149280000000007,177.2,170.7,100.0,195.8,195.8,0.51
P037,27,90,0.00285156,175.9,168.9,100.0,195.8,195.8,0.51
P037,99,89,0.002819876,175.3,167.9,100.0,195.8,195.8,0.51
P037,31,88,0.002788192,174.6,167.0,100.0,195.8,195.8,0.51
P037,81,87,0.002756508,174.0,166.0,100.0,195.8,195.8,0.51
P037,133,85,0.00269314,172.6,164.1,100.0,195.8,178.0,0.51
P037,76,84,0.002661456,171.9,163.1,100.0,195.8,195.8,0.51
P037,21,84,0.002661456,171.9,163.1,100.0,195.8,195.8,0.51
P037,32,82,0.0025980880000000006,170.6,161.2,100.0,195.8,195.8,0.51
P037,82,82,0.0025980880000000006,170.6,161.2,100.0,195.8,178.0,0.51
P037,110,81,0.002566404,169.9,160.2,100.0,195.8,178.0,0.51
P037,47,80,0.00253472,169.2,159.2,100.0,178.0,195.8,0.51
P037,33,79,0.002503036,168.5,158.2,100.0,178.0,178.0,0.56
P037,91,79,0.002503036,168.5,158.2,100.0,195.8,178.0,0.51
P037,121,79,0.002503036,168.5,158.2,100.0,195.8,195.8,0.51
P037,105,79,0.002503036,168.5,158.2,100.0,178.0,195.8,0.51
P037,70,78,0.0024713520000000004,167.7,157.2,100.0,195.8,178.0,0.51
P037,5,77,0.0024396680000000003,167.0,156.2,100.0,178.0,178.0,0.56
P037,124,76,0.002407984,166.3,155.2,100.0,178.0,178.0,0.56
P037,12,75,0.0023763,165.6,154.2,100.0,178.0,195.8,0.51
P037,89,74,0.0023446160000000003,164.8,153.1,100.0,178.0,178.0,0.56
P037,123,73,0.0023129320000000006,164.1,152.1,100.0,160.2,195.8,0.51
P037,3,71,0.002249564,162.6,150.0,100.0,178.0,178.0,0.56
P037,45,70,0.00221788,161.8,148.9,100.0,178.0,178.0,0.56
P037,100,69,0.0021861960000000005,161.0,147.9,100.0,178.0,178.0,0.56
P037,57,68,0.0021545120000000004,160.2,146.8,100.0,178.0,178.0,0.56
P037,20,67,0.0021228280000000006,159.5,145.7,100.0,160.2,178.0,0.56
P037,30,67,0.0021228280000000006,159.5,145.7,100.0,178.0,178.0,0.56
P037,48,66,0.0020911439999999996,158.7,144.6,100.0,178.0,178.0,0.56
P037,90,66,0.0020911439999999996,158.7,144.6,100.0,160.2,178.0,0.56
P037,71,65,0.0020594600000000004,157.9,143.5,100.0,178.0,160.2,0.56
P037,75,62,0.0019644080000000004,155.4,140.2,100.0,160.2,178.0,0.56
P037,52,61,0.0019327240000000002,154.5,139.0,100.0,142.4,178.0,0.56
P037,16,61,0.0019327240000000002,154.5,139.0,100.0,160.2,160.2,0.62
P037,94,60,0.0019010400000000003,153.7,137.9,100.0,160.2,160.2,0.62
P037,51,60,0.0019010400000000003,153.7,137.9,100.0,160.2,160.2,0.62
P037,101,60,0.0019010400000000003,153.7,137.9,100.0,160.2,160.2,0.62
P037,4,59,0.0018693560000000002,152.8,136.7,100.0,160.2,160.2,0.62
P037,116,59,0.0018693560000000002,152.8,136.7,100.0,160.2,160.2,0.62
P037,63,58,0.001837672,152.0,135.6,100.0,160.2,142.4,0.62
P037,44,57,0.001805988,151.1,134.4,100.0,160.2,160.2,0.62
P037,53,57,0.001805988,151.1,134.4,100.0,160.2,160.2,0.62
P037,26,56,0.001774304,150.2,133.2,100.0,160.2,160.2,0.62
P037,79,56,0.001774304,150.2,133.2,100.0,160.2,160.2,0.62
P037,24,55,0.00174262,149.3,132.0,100.0,160.2,160.2,0.62
P037,137,54,0.001710936,148.4,130.8,100.0,160.2,160.2,0.62
P037,104,54,0.001710936,148.4,130.8,100.0,160.2,160.2,0.62
P045,22,783,0.024808572000000004,361.9,498.1,100.0,676.4,498.4,0.15
P045,8,707,0.022400588,349.7,473.3,100.0,551.8,605.2,0.17
P045,55,607,0.019232188,332.4,438.5,100.0,551.8,587.4,0.17
P045,97,549,0.017394516000000002,321.5,417.1,100.0,569.6,462.8,0.18
P045,71,441,0.013972644,298.8,373.8,100.0,462.8,462.8,0.22
P045,72,436,0.013814224000000002,297.7,371.7,100.0,427.2,534.0,0.19
P045,62,317,0.010043828000000001,267.7,316.9,100.0,480.6,356.0,0.21
P045,77,278,0.008808152000000001,256.2,296.8,100.0,373.8,302.6,0.27
P045,6,272,0.008618048000000001,254.4,293.6,100.0,338.2,356.0,0.28
P045,111,257,0.008142788,249.6,285.4,100.0,284.8,391.6,0.26
P045,112,225,0.0071289,238.8,267.0,100.0,356.0,284.8,0.28
P045,131,222,0.0070338480000000005,237.7,265.2,100.0,284.8,391.6,0.26
P045,99,216,0.006843744,235.6,261.6,100.0,284.8,338.2,0.3
P045,67,205,0.00649522,231.5,254.9,100.0,391.6,302.6,0.26
P045,33,189,0.005988276000000001,225.3,244.7,100.0,284.8,284.8,0.35
P045,130,176,0.005576384,220.0,236.1,100.0,284.8,284.8,0.35
P045,132,175,0.0055447,219.6,235.5,100.0,284.8,320.4,0.31
P045,17,170,0.00538628,217.5,232.1,100.0,284.8,267.0,0.35
P045,65,154,0.004879336000000001,210.4,220.9,100.0,302.6,231.4,0.33
P045,100,152,0.004815968,209.5,219.5,100.0,249.2,267.0,0.37
P045,114,149,0.004720916,208.1,217.3,100.0,231.4,284.8,0.35
P045,79,148,0.004689232000000001,207.7,216.5,100.0,284.8,231.4,0.35
P045,129,145,0.00459418,206.3,214.3,100.0,231.4,284.8,0.35
P045,61,143,0.004530812,205.3,212.9,100.0,231.4,267.0,0.37
P045,43,143,0.004530812,205.3,212.9,100.0,249.2,231.4,0.4
P045,117,140,0.00443576,203.9,210.6,100.0,249.2,249.2,0.4
P045,116,139,0.004404076000000001,203.4,209.9,100.0,267.0,231.4,0.37
P045,83,138,0.004372392000000001,202.9,209.1,100.0,249.2,231.4,0.4
P045,125,134,0.004245656000000001,200.9,206.0,100.0,195.8,284.8,0.35
P045,2,132,0.004182287999999999,199.9,204.5,100.0,267.0,231.4,0.37
P045,94,126,0.003992184,196.8,199.8,100.0,213.6,249.2,0.4
P045,109,126,0.003992184,196.8,199.8,100.0,213.6,249.2,0.4
P045,27,124,0.003928816000000001,195.8,198.2,100.0,231.4,231.4,0.43
P045,89,124,0.003928816000000001,195.8,198.2,100.0,231.4,249.2,0.4
P045,82,122,0.0038654480000000005,194.7,196.6,100.0,231.4,249.2,0.4
P045,106,117,0.003707028,192.0,192.5,100.0,231.4,213.6,0.43
P045,120,117,0.003707028,192.0,192.5,100.0,231.4,231.4,0.43
P045,19,116,0.003675344,191.5,191.7,100.0,231.4,213.6,0.43
P045,137,115,0.00364366,190.9,190.9,100.0,267.0,178.0,0.37
P045,28,115,0.00364366,190.9,190.9,100.0,195.8,249.2,0.4
P045,32,115,0.00364366,190.9,190.9,100.0,213.6,231.4,0.43
P045,7,114,0.003611976,190.4,190.1,100.0,213.6,231.4,0.43
P045,87,107,0.0033901880000000006,186.4,184.1,100.0,213.6,231.4,0.43
P045,52,106,0.003358504000000001,185.8,183.3,100.0,231.4,195.8,0.43
P045,124,106,0.003358504000000001,185.8,183.3,100.0,213.6,231.4,0.43
P045,64,106,0.003358504000000001,185.8,183.3,100.0,213.6,213.6,0.47
P045,141,105,0.0033268200000000003,185.2,182.4,100.0,213.6,213.6,0.47
P045,54,104,0.003295136,184.6,181.5,100.0,231.4,213.6,0.43
P045,1,101,0.0032000840000000006,182.8,178.9,100.0,213.6,213.6,0.47
P045,140,101,0.0032000840000000006,182.8,178.9,100.0,195.8,213.6,0.47
P045,66,100,0.0031684,182.2,178.0,100.0,195.8,213.6,0.47
P045,135,98,0.0031050320000000006,181.0,176.2,100.0,213.6,213.6,0.47
P045,9,97,0.0030733480000000005,180.4,175.3,100.0,213.6,213.6,0.47
P045,47,96,0.0030416640000000003,179.8,174.4,100.0,213.6,213.6,0.47
P045,88,94,0.0029782960000000005,178.5,172.6,100.0,195.8,213.6,0.47
P045,39,93,0.0029466120000000004,177.9,171.7,100.0,213.6,195.8,0.47
P045,60,90,0.00285156,175.9,168.9,100.0,195.8,213.6,0.47
P045,69,89,0.002819876,175.3,167.9,100.0,195.8,195.8,0.51
P045,93,88,0.002788192,174.6,167.0,100.0,195.8,195.8,0.51
P045,96,88,0.002788192,174.6,167.0,100.0,195.8,195.8,0.51
P045,78,87,0.002756508,174.0,166.0,100.0,195.8,195.8,0.51
P045,86,86,0.002724824,173.3,165.1,100.0,195.8,195.8,0.51
P045,122,86,0.002724824,173.3,165.1,100.0,195.8,195.8,0.51
P045,20,86,0.002724824,173.3,165.1,100.0,195.8,195.8,0.51
P045,4,86,0.002724824,173.3,165.1,100.0,195.8,195.8,0.51
P045,74,84,0.002661456,171.9,163.1,100.0,195.8,195.8,0.51
P045,105,83,0.002629772,171.3,162.2,100.0,178.0,195.8,0.51
P045,63,80,0.00253472,169.2,159.2,100.0,195.8,178.0,0.51
P045,142,78,0.0024713520000000004,167.7,157.2,100.0,195.8,195.8,0.51
P045,84,77,0.0024396680000000003,167.0,156.2,100.0,178.0,178.0,0.56
P045,48,77,0.0024396680000000003,167.0,156.2,100.0,178.0,178.0,0.56
P045,31,76,0.002407984,166.3,155.2,100.0,178.0,178.0,0.56
P045,91,75,0.0023763,165.6,154.2,100.0,178.0,178.0,0.56
P045,26,75,0.0023763,165.6,154.2,100.0,178.0,195.8,0.51
P045,36,75,0.0023763,165.6,154.2,100.0,195.8,178.0,0.51
P045,13,72,0.0022812480000000005,163.3,151.0,100.0,178.0,178.0,0.56
P045,5,71,0.002249564,162.6,150.0,100.0,178.0,178.0,0.56
P045,25,71,0.002249564,162.6,150.0,100.0,178.0,195.8,0.51
P045,59,71,0.002249564,162.6,150.0,100.0,178.0,195.8,0.51
P045,126,71,0.002249564,162.6,150.0,100.0,178.0,178.0,0.56
P045,110,69,0.0021861960000000005,161.0,147.9,100.0,178.0,160.2,0.56
P045,42,69,0.0021861960000000005,161.0,147.9,100.0,160.2,178.0,0.56
P045,95,68,0.0021545120000000004,160.2,146.8,100.0,195.8,160.2,0.51
P045,3,67,0.0021228280000000006,159.5,145.7,100.0,178.0,178.0,0.56
P045,108,67,0.0021228280000000006,159.5,145.7,100.0,178.0,178.0,0.56
P045,128,66,0.0020911439999999996,158.7,144.6,100.0,178.0,178.0,0.56
P045,81,66,0.0020911439999999996,158.7,144.6,100.0,160.2,178.0,0.56
P045,58,65,0.0020594600000000004,157.9,143.5,100.0,178.0,160.2,0.56
P045,40,65,0.0020594600000000004,157.9,143.5,100.0,160.2,178.0,0.56
P045,16,64,0.0020277760000000002,157.0,142.4,100.0,178.0,178.0,0.56
P045,119,64,0.0020277760000000002,157.0,142.4,100.0,160.2,178.0,0.56
P045,75,63,0.001996092,156.2,141.3,100.0,160.2,178.0,0.56
P045,103,63,0.001996092,156.2,141.3,100.0,178.0,178.0,0.56
P045,41,62,0.0019644080000000004,155.4,140.2,100.0,178.0,178.0,0.56
P045,92,60,0.0019010400000000003,153.7,137.9,100.0,160.2,160.2,0.62
P045,127,60,0.0019010400000000003,153.7,137.9,100.0,160.2,160.2,0.62
P045,104,59,0.0018693560000000002,152.8,136.7,100.0,160.2,160.2,0.62
P045,98,57,0.001805988,151.1,134.4,100.0,160.2,178.0,0.56
P045,15,57,0.001805988,151.1,134.4,100.0,160.2,160.2,0.62
P045,118,57,0.001805988,151.1,134.4,100.0,160.2,142.4,0.62
P046,60,843,0.026709612000000004,370.9,516.8,100.0,640.8,694.2,0.14
P046,75,708,0.022432272,349.9,473.6,100.0,605.2,640.8,0.16
P046,129,659,0.020879756000000003,341.6,456.9,100.0,569.6,587.4,0.17
P046,128,438,0.013877592000000001,298.2,372.5,100.0,658.6,320.4,0.15
P046,65,431,0.013655804,296.6,369.5,100.0,427.2,480.6,0.21
P046,54,414,0.013117176,292.6,362.2,100.0,427.2,427.2,0.23
P046,76,374,0.011849816,282.9,344.2,100.0,356.0,498.4,0.2
P046,57,365,0.01156466,280.6,214.3,1700.0,249.2,249.2,6.82
P046,30,351,0.011121084000000002,276.9,333.5,100.0,373.8,462.8,0.22
P046,17,289,0.009156676,259.6,302.6,100.0,320.4,409.4,0.24
P046,4,288,0.009124992000000002,259.3,203.7,900.0,213.6,267.0,3.37
P046,58,276,0.008744784000000002,255.6,295.7,100.0,302.6,409.4,0.24
P046,107,272,0.008618048000000001,254.4,293.6,100.0,391.6,302.6,0.26
P046,80,271,0.008586364,254.1,293.0,100.0,462.8,284.8,0.22
P046,92,250,0.007921,247.3,281.4,100.0,284.8,391.6,0.26
P046,100,246,0.007794264,246.0,215.8,500.0,231.4,267.0,1.87
P046,20,239,0.007572475999999999,243.6,275.2,100.0,373.8,302.6,0.27
P046,109,189,0.005988276000000001,225.3,244.7,100.0,284.8,320.4,0.31
P046,85,184,0.005829856000000001,223.3,241.5,100.0,302.6,267.0,0.33
P046,27,184,0.005829856000000001,223.3,241.5,100.0,391.6,231.4,0.26
P046,19,178,0.005639752,220.8,174.4,900.0,195.8,213.6,4.21
P046,5,178,0.005639752,220.8,237.5,100.0,302.6,267.0,0.33
P046,120,173,0.005481332000000001,218.8,234.1,100.0,302.6,249.2,0.33
P046,114,168,0.005322912,216.6,230.7,100.0,267.0,284.8,0.35
P046,134,155,0.00491102,210.9,221.6,100.0,267.0,249.2,0.37
P046,113,154,0.004879336000000001,210.4,184.1,500.0,231.4,213.6,2.16
P046,119,143,0.004530812,205.3,212.9,100.0,284.8,213.6,0.35
P046,104,142,0.004499128,204.8,212.1,100.0,249.2,249.2,0.4
P046,86,137,0.004340708,202.4,178.0,500.0,231.4,195.8,2.16
P046,29,130,0.004118920000000001,198.9,203.0,100.0,284.8,213.6,0.35
P046,112,123,0.003897132,195.2,197.4,100.0,302.6,195.8,0.33
P046,83,121,0.0038337640000000004,194.2,195.8,100.0,249.2,213.6,0.4
P046,25,120,0.0038020800000000007,193.6,195.0,100.0,231.4,231.4,0.43
P046,46,116,0.003675344,191.5,191.7,100.0,195.8,249.2,0.4
P046,26,116,0.003675344,191.5,191.7,100.0,231.4,231.4,0.43
P046,15,113,0.0035802920000000005,189.8,189.2,100.0,231.4,231.4,0.43
P046,88,109,0.0034535560000000004,187.5,185.8,100.0,213.6,231.4,0.43
P046,37,109,0.0034535560000000004,187.5,185.8,100.0,213.6,213.6,0.47
P046,118,107,0.0033901880000000006,186.4,184.1,100.0,213.6,231.4,0.43
P046,53,105,0.0033268200000000003,185.2,182.4,100.0,267.0,213.6,0.37
P046,103,104,0.003295136,184.6,181.5,100.0,213.6,213.6,0.47
P046,111,102,0.0032317680000000003,183.4,179.8,100.0,213.6,213.6,0.47
P046,22,101,0.0032000840000000006,182.8,178.9,100.0,195.8,231.4,0.43
P046,18,100,0.0031684,182.2,178.0,100.0,213.6,213.6,0.47
P046,12,99,0.0031367160000000003,181.6,177.1,100.0,213.6,195.8,0.47
P046,91,99,0.0031367160000000003,181.6,177.1,100.0,213.6,213.6,0.47
P046,135,97,0.0030733480000000005,180.4,155.2,500.0,178.0,178.0,2.81
P046,90,97,0.0030733480000000005,180.4,175.3,100.0,213.6,213.6,0.47
P046,39,92,0.0029149280000000007,177.2,170.7,100.0,213.6,195.8,0.47
P046,81,91,0.002883244,176.6,169.8,100.0,195.8,195.8,0.51
P046,96,91,0.002883244,176.6,169.8,100.0,195.8,195.8,0.51
P046,123,89,0.002819876,175.3,167.9,100.0,178.0,213.6,0.47
P046,122,86,0.002724824,173.3,165.1,100.0,195.8,195.8,0.51
P046,77,84,0.002661456,171.9,163.1,100.0,195.8,178.0,0.51
P046,59,84,0.002661456,171.9,163.1,100.0,195.8,195.8,0.51
P046,43,83,0.002629772,171.3,162.2,100.0,178.0,195.8,0.51
P046,130,80,0.00253472,169.2,159.2,100.0,178.0,178.0,0.56
P046,67,77,0.0024396680000000003,167.0,156.2,100.0,178.0,195.8,0.51
P046,62,76,0.002407984,166.3,155.2,100.0,178.0,178.0,0.56
P046,1,76,0.002407984,166.3,155.2,100.0,178.0,178.0,0.56
P046,40,76,0.002407984,166.3,155.2,100.0,178.0,178.0,0.56
P046,87,76,0.002407984,166.3,155.2,100.0,195.8,178.0,0.51
P046,115,75,0.0023763,165.6,154.2,100.0,178.0,178.0,0.56
P046,9,74,0.0023446160000000003,164.8,153.1,100.0,178.0,178.0,0.56
P046,116,73,0.0023129320000000006,164.1,152.1,100.0,178.0,178.0,0.56
P046,56,73,0.0023129320000000006,164.1,152.1,100.0,178.0,178.0,0.56
P046,35,72,0.0022812480000000005,163.3,151.0,100.0,178.0,178.0,0.56
P046,24,72,0.0022812480000000005,163.3,151.0,100.0,213.6,142.4,0.47
P046,70,71,0.002249564,162.6,150.0,100.0,178.0,178.0,0.56
P046,125,71,0.002249564,162.6,150.0,100.0,178.0,178.0,0.56
P046,41,71,0.002249564,162.6,150.0,100.0,178.0,195.8,0.51
P046,36,69,0.0021861960000000005,161.0,147.9,100.0,195.8,178.0,0.51
P046,23,68,0.0021545120000000004,160.2,146.8,100.0,178.0,178.0,0.56
P046,7,67,0.0021228280000000006,159.5,145.7,100.0,178.0,178.0,0.56
P046,42,67,0.0021228280000000006,159.5,145.7,100.0,160.2,178.0,0.56
P046,48,66,0.0020911439999999996,158.7,144.6,100.0,160.2,160.2,0.62
P046,45,66,0.0020911439999999996,158.7,144.6,100.0,178.0,160.2,0.56
P046,95,66,0.0020911439999999996,158.7,144.6,100.0,160.2,178.0,0.56
P046,66,66,0.0020911439999999996,158.7,144.6,100.0,160.2,178.0,0.56
P046,10,66,0.0020911439999999996,158.7,144.6,100.0,160.2,178.0,0.56
P046,61,65,0.0020594600000000004,157.9,143.5,100.0,178.0,178.0,0.56
P046,47,64,0.0020277760000000002,157.0,142.4,100.0,160.2,178.0,0.56
P046,136,63,0.001996092,156.2,141.3,100.0,160.2,160.2,0.62
P046,52,63,0.001996092,156.2,141.3,100.0,160.2,160.2,0.62
P046,127,63,0.001996092,156.2,141.3,100.0,160.2,178.0,0.56
P046,51,63,0.001996092,156.2,141.3,100.0,178.0,160.2,0.56
P046,13,63,0.001996092,156.2,141.3,100.0,178.0,178.0,0.56
P046,11,62,0.0019644080000000004,155.4,140.2,100.0,160.2,160.2,0.62
P046,28,60,0.0019010400000000003,153.7,137.9,100.0,160.2,160.2,0.62
P046,72,59,0.0018693560000000002,152.8,136.7,100.0,160.2,160.2,0.62
P046,38,58,0.001837672,152.0,135.6,100.0,160.2,160.2,0.62
P046,106,57,0.001805988,151.1,134.4,100.0,160.2,160.2,0.62
P046,108,55,0.00174262,149.3,132.0,100.0,160.2,142.4,0.62
P046,8,54,0.001710936,148.4,130.8,100.0,160.2,160.2,0.62
P046,110,54,0.001710936,148.4,130.8,100.0,160.2,160.2,0.62
P046,21,54,0.001710936,148.4,130.8,100.0,160.2,160.2,0.62
P046,71,51,0.0016158840000000002,145.6,127.1,100.0,160.2,142.4,0.62
P046,105,49,0.0015525160000000003,143.7,124.6,100.0,142.4,142.4,0.7
P046,31,49,0.0015525160000000003,143.7,124.6,100.0,142.4,142.4,0.7
P046,44,48,0.0015208320000000002,142.7,123.3,100.0,160.2,142.4,0.62
P051,2745,2133,0.06758197200000002,505.4,821.3,500.0,1192.6,979.0,0.42
P051,24,1465,0.04641706,445.9,669.1,500.0,818.8,1192.6,0.42
P051,5913,1360,0.04309024,435.0,656.4,100.0,961.2,623.0,0.1
P051,4780,1201,0.038052484,417.3,513.1,2100.0,729.8,747.6,2.81
P051,5377,1125,0.0356445,408.3,568.2,900.0,1192.6,623.0,0.75
P051,2557,1061,0.033616724,400.4,579.8,100.0,729.8,872.2,0.11
P051,1576,1048,0.03320483200000001,398.8,576.2,100.0,712.0,747.6,0.13
P051,2301,985,0.031208740000000002,390.6,558.6,100.0,1085.8,445.0,0.09
P051,4434,978,0.030986952,389.7,555.8,500.0,1032.4,462.8,0.48
P051,5326,973,0.03082853200000001,389.0,555.2,100.0,712.0,836.6,0.12
P051,2856,878,0.027818552,375.9,449.3,900.0,551.8,605.2,1.49
P051,2828,818,0.025917512000000004,367.2,507.2,1700.0,694.2,1246.0,1.36
P051,4709,779,0.024681836,361.2,496.8,100.0,765.4,640.8,0.13
P051,498,772,0.024460048,360.2,494.6,100.0,979.0,551.8,0.1
P051,5615,756,0.023953104000000003,357.6,486.2,900.0,640.8,783.2,1.15
P051,4656,738,0.023382792,354.8,423.5,1300.0,445.0,712.0,1.83
P051,3380,734,0.023256056000000004,354.1,399.2,2100.0,587.4,516.2,3.58
P051,5050,724,0.022939216000000005,352.5,453.5,900.0,551.8,854.4,1.05
P051,5094,706,0.022368904000000005,349.6,419.0,1700.0,658.6,694.2,2.45
P051,4652,695,0.02202038,347.8,400.0,1700.0,534.0,712.0,2.39
P051,1092,690,0.02186196,346.9,423.5,1700.0,872.2,480.6,1.95
P051,3118,616,0.019517344000000002,334.0,417.4,1300.0,747.6,480.6,1.74
P051,3728,601,0.019042084000000004,331.3,373.4,1700.0,445.0,587.4,2.89
P051,3851,599,0.018978716000000003,330.9,417.1,2100.0,801.0,587.4,2.62
P051,3182,598,0.018947032,330.8,407.5,1300.0,427.2,729.8,1.78
P051,4750,591,0.018725244000000002,329.5,411.7,500.0,445.0,640.8,0.78
P051,2549,578,0.018313352,327.0,369.5,1300.0,373.8,694.2,1.87
P051,4545,574,0.018186616000000003,326.3,392.8,500.0,623.0,516.2,0.8
P051,1147,569,0.018028196000000003,325.3,373.4,1300.0,498.4,569.6,2.28
P051,1658,556,0.017616304000000003,322.8,419.7,100.0,534.0,729.8,0.14
P051,1623,556,0.017616304000000003,322.8,401.6,500.0,498.4,694.2,0.72
P051,2563,555,0.01758462,322.6,388.4,500.0,480.6,534.0,0.94
P051,3597,549,0.017394516000000002,321.5,417.1,100.0,498.4,623.0,0.16
P051,3474,549,0.017394516000000002,321.5,400.8,1300.0,534.0,551.8,2.36
P051,4555,521,0.016507364000000004,315.9,368.2,900.0,569.6,534.0,1.58
P051,23,521,0.016507364000000004,315.9,406.3,100.0,569.6,676.4,0.15
P051,5228,502,0.015905368000000003,312.0,347.4,900.0,569.6,320.4,1.58
P051,4166,493,0.015620212,310.1,329.7,1700.0,516.2,462.8,3.29
P051,686,480,0.015208320000000003,307.4,390.0,100.0,462.8,462.8,0.22
P051,3343,475,0.0150499,306.3,349.7,1300.0,569.6,498.4,2.28
P051,3244,473,0.014986532,305.9,364.4,1300.0,623.0,480.6,2.09
P051,1120,466,0.014764744000000003,304.4,351.1,1300.0,551.8,373.8,2.36
P051,4113,465,0.01473306,304.2,374.2,500.0,516.2,427.2,0.97
P051,1254,461,0.014606324000000002,303.3,305.7,1300.0,427.2,338.2,3.04
P051,806,461,0.014606324000000002,303.3,382.2,100.0,445.0,640.8,0.16
P051,3995,459,0.014542956000000003,302.8,352.9,900.0,391.6,623.0,1.44
P051,869,454,0.014384536000000002,301.7,334.4,1700.0,480.6,409.4,3.54
P051,5892,445,0.014099380000000002,299.7,375.5,100.0,427.2,658.6,0.15
P051,2761,441,0.013972644,298.8,373.8,100.0,462.8,480.6,0.21
P051,3097,438,0.013877592000000001,298.2,352.9,500.0,801.0,302.6,0.62
P051,2895,435,0.01378254,297.5,342.9,1300.0,391.6,534.0,2.43
P051,5624,432,0.013687488,296.8,358.2,500.0,676.4,480.6,0.74
P051,2071,424,0.013434016000000003,294.9,314.4,900.0,409.4,658.6,1.37
P051,3384,423,0.013402332,294.7,341.9,900.0,534.0,498.4,1.69
P051,1710,421,0.013338964000000002,294.2,348.8,900.0,480.6,516.2,1.74
P051,3869,409,0.012958756000000002,291.4,320.4,1300.0,409.4,445.0,2.92
P051,5617,408,0.012927072000000001,291.2,346.5,900.0,623.0,320.4,1.44
P051,5200,406,0.012863704,290.7,308.8,900.0,338.2,516.2,1.74
P051,5046,406,0.012863704,290.7,301.0,1700.0,445.0,445.0,3.82
P051,667,402,0.012736968,289.7,330.6,900.0,534.0,462.8,1.69
P051,1701,401,0.012705284000000002,289.5,323.8,1300.0,516.2,373.8,2.52
P051,1149,392,0.012420128000000002,287.3,350.2,500.0,480.6,569.6,0.88
P051,515,389,0.012325076000000003,286.6,351.1,100.0,480.6,516.2,0.19
P051,5121,385,0.01219834,285.6,343.3,500.0,623.0,445.0,0.8
P051,1316,384,0.012166656000000001,285.4,304.2,500.0,534.0,249.2,0.94
P051,1373,384,0.012166656000000001,285.4,348.8,100.0,391.6,480.6,0.21
P051,5450,382,0.012103288,284.9,344.2,500.0,498.4,427.2,1.0
P051,1683,379,0.012008236,284.1,335.8,900.0,445.0,480.6,1.87
P051,804,378,0.011976552000000001,283.9,346.1,100.0,623.0,445.0,0.16
P051,4587,377,0.011944868,283.6,339.6,500.0,445.0,534.0,0.94
P051,1393,372,0.011786448000000001,282.4,308.8,900.0,356.0,516.2,1.74
P051,4637,371,0.011754764000000003,282.1,342.9,100.0,480.6,445.0,0.21
P051,4782,370,0.01172308,281.8,259.8,1700.0,284.8,391.6,4.34
P051,4796,367,0.011628028000000002,281.1,335.8,900.0,480.6,373.8,1.87
P051,1588,366,0.011596344,280.8,298.9,1300.0,302.6,516.2,2.52
P051,4378,363,0.011501292000000002,280.1,304.2,900.0,498.4,445.0,1.81
P051,5003,362,0.011469608000000003,279.8,313.4,900.0,462.8,516.2,1.74
P051,1946,362,0.011469608000000003,279.8,298.4,1700.0,409.4,409.4,4.15
P051,482,362,0.011469608000000003,279.8,333.0,1300.0,640.8,462.8,2.03
P051,5904,361,0.011437924,279.5,338.2,100.0,480.6,338.2,0.21
P051,1983,361,0.011437924,279.5,288.7,900.0,373.8,338.2,2.41
P051,4042,360,0.01140624,279.3,288.1,900.0,320.4,409.4,2.2
P051,1416,359,0.011374556,279.0,334.4,500.0,587.4,409.4,0.85
P051,5638,357,0.011311188,278.5,304.7,900.0,480.6,391.6,1.87
P051,4753,357,0.011311188,278.5,333.5,900.0,729.8,267.0,1.23
P051,3070,355,0.011247820000000002,278.0,302.1,900.0,391.6,462.8,1.94
P051,323,352,0.011152768,277.2,301.6,1300.0,409.4,480.6,2.7
P051,3113,348,0.011026032,276.1,332.1,900.0,640.8,356.0,1.4
P051,3821,348,0.011026032,276.1,323.4,500.0,391.6,409.4,1.22
P051,3276,348,0.011026032,276.1,275.8,900.0,302.6,409.4,2.2
P051,5374,348,0.011026032,276.1,318.9,500.0,551.8,391.6,0.91
P051,5345,345,0.01093098,275.4,308.3,500.0,498.4,284.8,1.0
P051,4082,342,0.010835928000000002,274.6,322.9,900.0,338.2,569.6,1.58
P051,1844,341,0.010804244,274.3,310.4,900.0,338.2,498.4,1.81
P051,1395,340,0.01077256,274.0,299.4,900.0,356.0,480.6,1.87
P051,2963,329,0.010424036,271.0,287.6,1300.0,516.2,320.4,2.52
P051,916,328,0.010392352000000002,270.8,322.4,100.0,498.4,373.8,0.2
P051,2450,328,0.010392352000000002,270.8,320.9,500.0,409.4,498.4,1.0
P051,2648,327,0.010360668,270.5,292.5,1300.0,427.2,427.2,3.04
P051,4014,327,0.010360668,270.5,313.9,900.0,462.8,427.2,1.94
P056,30,546,0.017299464,320.9,415.9,100.0,516.2,534.0,0.19
P056,7,511,0.016190524,313.9,402.4,100.0,409.4,605.2,0.17
P056,4,434,0.013750856000000002,297.2,370.8,100.0,534.0,462.8,0.19
P056,49,391,0.012388444,287.1,352.0,100.0,498.4,462.8,0.2
P056,70,199,0.006305116000000001,229.2,251.1,100.0,249.2,373.8,0.27
P056,33,190,0.006019960000000001,225.7,245.4,100.0,267.0,320.4,0.31
P056,60,189,0.005988276000000001,225.3,244.7,100.0,302.6,373.8,0.27
P056,25,171,0.005417964000000001,217.9,232.8,100.0,320.4,249.2,0.31
P056,8,143,0.004530812,205.3,212.9,100.0,267.0,249.2,0.37
P056,69,140,0.00443576,203.9,210.6,100.0,267.0,284.8,0.35
P056,32,127,0.004023868,197.3,200.6,100.0,249.2,231.4,0.4
P056,41,127,0.004023868,197.3,200.6,100.0,231.4,231.4,0.43
P056,64,125,0.0039605,196.3,199.0,100.0,213.6,249.2,0.4
P056,46,121,0.0038337640000000004,194.2,195.8,100.0,213.6,249.2,0.4
P056,59,116,0.003675344,191.5,191.7,100.0,213.6,231.4,0.43
P056,12,113,0.0035802920000000005,189.8,189.2,100.0,231.4,213.6,0.43
P056,22,111,0.0035169240000000003,188.7,187.5,100.0,231.4,213.6,0.43
P056,42,107,0.0033901880000000006,186.4,184.1,100.0,213.6,213.6,0.47
P056,40,102,0.0032317680000000003,183.4,179.8,100.0,213.6,213.6,0.47
P056,18,100,0.0031684,182.2,178.0,100.0,195.8,213.6,0.47
P056,63,91,0.002883244,176.6,169.8,100.0,213.6,178.0,0.47
P056,53,88,0.002788192,174.6,167.0,100.0,195.8,195.8,0.51
P056,21,87,0.002756508,174.0,166.0,100.0,195.8,195.8,0.51
P056,5,86,0.002724824,173.3,165.1,100.0,178.0,195.8,0.51
P056,23,85,0.00269314,172.6,164.1,100.0,195.8,195.8,0.51
P056,39,79,0.002503036,168.5,158.2,100.0,178.0,195.8,0.51
P056,57,79,0.002503036,168.5,158.2,100.0,178.0,178.0,0.56
P056,77,78,0.0024713520000000004,167.7,157.2,100.0,178.0,178.0,0.56
P056,20,78,0.0024713520000000004,167.7,157.2,100.0,195.8,178.0,0.51
P056,67,77,0.0024396680000000003,167.0,156.2,100.0,178.0,178.0,0.56
P056,50,77,0.0024396680000000003,167.0,156.2,100.0,178.0,178.0,0.56
P056,26,76,0.002407984,166.3,155.2,100.0,195.8,178.0,0.51
P056,15,75,0.0023763,165.6,154.2,100.0,178.0,178.0,0.56
P056,43,74,0.0023446160000000003,164.8,153.1,100.0,178.0,178.0,0.56
P056,44,74,0.0023446160000000003,164.8,153.1,100.0,178.0,178.0,0.56
P056,37,74,0.0023446160000000003,164.8,153.1,100.0,195.8,178.0,0.51
P056,9,74,0.0023446160000000003,164.8,153.1,100.0,178.0,178.0,0.56
P056,17,73,0.0023129320000000006,164.1,152.1,100.0,178.0,178.0,0.56
P056,62,73,0.0023129320000000006,164.1,152.1,100.0,178.0,195.8,0.51
P056,29,71,0.002249564,162.6,150.0,100.0,178.0,178.0,0.56
P056,65,70,0.00221788,161.8,148.9,100.0,178.0,178.0,0.56
P056,35,68,0.0021545120000000004,160.2,146.8,100.0,178.0,178.0,0.56
P056,55,65,0.0020594600000000004,157.9,143.5,100.0,160.2,178.0,0.56
P056,28,63,0.001996092,156.2,141.3,100.0,178.0,160.2,0.56
P056,13,58,0.001837672,152.0,135.6,100.0,160.2,160.2,0.62
P056,58,55,0.00174262,149.3,132.0,100.0,142.4,178.0,0.56
P056,31,54,0.001710936,148.4,130.8,100.0,160.2,160.2,0.62
P056,11,51,0.0016158840000000002,145.6,127.1,100.0,142.4,142.4,0.7
P056,51,50,0.0015842,144.6,125.9,100.0,142.4,178.0,0.56
P056,75,50,0.0015842,144.6,125.9,100.0,124.6,160.2,0.62
P056,61,49,0.0015525160000000003,143.7,124.6,100.0,142.4,142.4,0.7
P056,48,49,0.0015525160000000003,143.7,124.6,100.0,142.4,142.4,0.7
P056,73,46,0.0014574640000000003,140.7,120.7,100.0,142.4,142.4,0.7
P056,14,43,0.001362412,137.5,116.7,100.0,142.4,142.4,0.7
P056,16,42,0.001330728,136.5,115.4,100.0,124.6,142.4,0.7
P056,74,40,0.00126736,134.3,112.6,100.0,142.4,142.4,0.7
P056,2,37,0.0011723080000000002,130.8,108.3,100.0,124.6,124.6,0.8
P056,71,34,0.0010772560000000002,127.2,103.8,100.0,124.6,106.8,0.8
P056,36,33,0.0010455719999999998,125.9,102.3,100.0,124.6,124.6,0.8
P056,34,33,0.0010455719999999998,125.9,102.3,100.0,124.6,124.6,0.8
P056,10,32,0.0010138880000000001,124.6,100.7,100.0,106.8,124.6,0.8
P056,56,30,0.0009505200000000002,122.0,97.5,100.0,106.8,124.6,0.8
P056,68,30,0.0009505200000000002,122.0,97.5,100.0,106.8,124.6,0.8
P056,66,30,0.0009505200000000002,122.0,97.5,100.0,124.6,124.6,0.8
P056,6,30,0.0009505200000000002,122.0,97.5,100.0,106.8,106.8,0.94
P056,72,26,0.000823784,116.3,90.8,100.0,106.8,106.8,0.94
P056,3,26,0.000823784,116.3,90.8,100.0,106.8,106.8,0.94
P056,76,25,0.0007921,114.8,89.0,100.0,106.8,106.8,0.94
P056,27,24,0.0007604160000000001,113.2,87.2,100.0,106.8,106.8,0.94
P056,54,19,0.000601996,104.8,77.6,100.0,89.0,89.0,1.12
P056,45,14,0.000443576,94.6,66.6,100.0,71.2,71.2,1.4
P056,38,13,0.000411892,92.3,64.2,100.0,71.2,71.2,1.4
P056,19,9,0.00028515600000000006,81.7,53.4,100.0,71.2,53.4,1.4
P056,47,6,0.00019010400000000002,71.3,43.6,100.0,35.6,71.2,1.4
P056,52,4,0.00012673600000000001,62.3,35.6,100.0,35.6,35.6,2.81
P056,24,2,6.336800000000001e-05,49.5,25.2,100.0,17.8,35.6,2.81
P057,65,547,0.017331148,321.1,416.3,100.0,534.0,534.0,0.19
P057,10,366,0.011596344,280.8,340.5,100.0,658.6,356.0,0.15
P057,13,311,0.009853724,266.0,313.9,100.0,623.0,267.0,0.16
P057,42,294,0.009315096,261.1,305.2,100.0,302.6,409.4,0.24
P057,38,265,0.00839626,252.2,289.8,100.0,373.8,462.8,0.22
P057,57,253,0.008016052000000003,248.3,283.1,100.0,338.2,320.4,0.3
P057,59,211,0.006685324000000001,233.7,258.6,100.0,267.0,356.0,0.28
P057,3,178,0.005639752,220.8,237.5,100.0,284.8,267.0,0.35
P057,31,145,0.00459418,206.3,214.3,100.0,267.0,267.0,0.37
P057,14,132,0.004182287999999999,199.9,204.5,100.0,213.6,267.0,0.37
P057,23,118,0.0037387120000000004,192.6,193.4,100.0,231.4,213.6,0.43
P057,58,113,0.0035802920000000005,189.8,189.2,100.0,195.8,267.0,0.37
P057,34,107,0.0033901880000000006,186.4,184.1,100.0,213.6,231.4,0.43
P057,60,106,0.003358504000000001,185.8,183.3,100.0,213.6,213.6,0.47
P057,30,105,0.0033268200000000003,185.2,182.4,100.0,213.6,213.6,0.47
P057,1,103,0.0032634520000000005,184.0,180.7,100.0,213.6,213.6,0.47
P057,17,102,0.0032317680000000003,183.4,179.8,100.0,195.8,213.6,0.47
P057,46,101,0.0032000840000000006,182.8,178.9,100.0,213.6,195.8,0.47
P057,52,101,0.0032000840000000006,182.8,178.9,100.0,213.6,213.6,0.47
P057,50,97,0.0030733480000000005,180.4,175.3,100.0,213.6,213.6,0.47
P057,15,94,0.0029782960000000005,178.5,172.6,100.0,195.8,213.6,0.47
P057,68,92,0.0029149280000000007,177.2,170.7,100.0,213.6,195.8,0.47
P057,8,89,0.002819876,175.3,167.9,100.0,195.8,195.8,0.51
P057,70,87,0.002756508,174.0,166.0,100.0,195.8,195.8,0.51
P057,6,86,0.002724824,173.3,165.1,100.0,213.6,178.0,0.47
P057,12,86,0.002724824,173.3,165.1,100.0,195.8,195.8,0.51
P057,69,85,0.00269314,172.6,164.1,100.0,195.8,195.8,0.51
P057,48,84,0.002661456,171.9,163.1,100.0,195.8,213.6,0.47
P057,7,80,0.00253472,169.2,159.2,100.0,195.8,178.0,0.51
P057,26,79,0.002503036,168.5,158.2,100.0,178.0,195.8,0.51
P057,54,79,0.002503036,168.5,158.2,100.0,195.8,178.0,0.51
P057,2,77,0.0024396680000000003,167.0,156.2,100.0,178.0,178.0,0.56
P057,45,76,0.002407984,166.3,155.2,100.0,178.0,178.0,0.56
P057,71,76,0.002407984,166.3,155.2,100.0,178.0,178.0,0.56
P057,51,74,0.0023446160000000003,164.8,153.1,100.0,178.0,178.0,0.56
P057,44,72,0.0022812480000000005,163.3,151.0,100.0,160.2,178.0,0.56
P057,43,72,0.0022812480000000005,163.3,151.0,100.0,178.0,178.0,0.56
P057,18,71,0.002249564,162.6,150.0,100.0,178.0,178.0,0.56
P057,37,71,0.002249564,162.6,150.0,100.0,160.2,178.0,0.56
P057,4,70,0.00221788,161.8,148.9,100.0,178.0,178.0,0.56
P057,28,69,0.0021861960000000005,161.0,147.9,100.0,178.0,178.0,0.56
P057,9,64,0.0020277760000000002,157.0,142.4,100.0,160.2,160.2,0.62
P057,41,64,0.0020277760000000002,157.0,142.4,100.0,160.2,178.0,0.56
P057,32,64,0.0020277760000000002,157.0,142.4,100.0,178.0,160.2,0.56
P057,66,63,0.001996092,156.2,141.3,100.0,160.2,178.0,0.56
P057,25,58,0.001837672,152.0,135.6,100.0,160.2,160.2,0.62
P057,40,57,0.001805988,151.1,134.4,100.0,160.2,160.2,0.62
P057,24,54,0.001710936,148.4,130.8,100.0,160.2,160.2,0.62
P057,5,52,0.001647568,146.5,128.4,100.0,142.4,142.4,0.7
P057,22,51,0.0016158840000000002,145.6,127.1,100.0,142.4,160.2,0.62
P057,35,51,0.0016158840000000002,145.6,127.1,100.0,160.2,142.4,0.62
P057,56,46,0.0014574640000000003,140.7,120.7,100.0,142.4,142.4,0.7
P057,47,43,0.001362412,137.5,116.7,100.0,142.4,142.4,0.7
P057,55,43,0.001362412,137.5,116.7,100.0,124.6,142.4,0.7
P057,27,42,0.001330728,136.5,115.4,100.0,124.6,142.4,0.7
P057,33,40,0.00126736,134.3,112.6,100.0,142.4,142.4,0.7
P057,19,39,0.0012356760000000002,133.1,111.2,100.0,142.4,124.6,0.7
P057,36,38,0.001203992,132.0,109.7,100.0,124.6,124.6,0.8
P057,63,36,0.0011406240000000002,129.6,106.8,100.0,142.4,124.6,0.7
P057,64,35,0.00110894,128.4,105.3,100.0,124.6,124.6,0.8
P057,72,33,0.0010455719999999998,125.9,102.3,100.0,106.8,124.6,0.8
P057,20,28,0.000887152,119.2,94.2,100.0,106.8,106.8,0.94
P057,61,27,0.000855468,117.8,92.5,100.0,106.8,106.8,0.94
P057,49,27,0.000855468,117.8,92.5,100.0,106.8,106.8,0.94
P057,21,26,0.000823784,116.3,90.8,100.0,106.8,124.6,0.8
P057,16,24,0.0007604160000000001,113.2,87.2,100.0,106.8,106.8,0.94
P057,67,23,0.0007287320000000002,111.6,85.4,100.0,106.8,106.8,0.94
P057,29,21,0.000665364,108.3,81.6,100.0,106.8,89.0,0.94
P057,62,20,0.00063368,106.6,79.6,100.0,106.8,89.0,0.94
P057,53,17,0.0005386280000000001,100.9,73.4,100.0,106.8,89.0,0.94
P057,11,14,0.000443576,94.6,66.6,100.0,71.2,71.2,1.4
P057,39,6,0.00019010400000000002,71.3,43.6,100.0,53.4,53.4,1.87
P059,1341,2538,0.080413992,535.5,859.9,900.0,1174.8,1228.2,0.73
P059,2551,1924,0.06096001600000001,488.3,691.9,500.0,1014.6,996.8,0.49
P059,2543,1770,0.05608068000000001,474.9,598.1,2900.0,890.0,872.2,3.26
P059,3315,1747,0.055351948000000005,472.8,744.0,500.0,1281.6,765.4,0.39
P059,1779,1703,0.053957852,468.8,596.5,2900.0,1281.6,694.2,2.26
P059,237,1360,0.04309024,435.0,656.4,100.0,1032.4,694.2,0.1
P059,2692,1313,0.041601092000000006,429.9,645.0,900.0,836.6,1014.6,0.89
P059,3849,1256,0.039795104,423.6,569.9,2500.0,996.8,996.8,2.51
P059,273,1210,0.03833764,418.4,574.9,900.0,1085.8,1050.2,0.83
P059,662,1204,0.03814753600000001,417.7,617.6,100.0,818.8,765.4,0.12
P059,171,1125,0.0356445,408.3,478.6,2500.0,658.6,712.0,3.51
P059,1062,1074,0.034028616,402.1,562.0,1700.0,943.4,890.0,1.8
P059,1507,1028,0.032571152,396.2,435.6,2100.0,623.0,712.0,2.95
P059,1851,958,0.030353272000000004,387.0,467.9,2100.0,783.2,534.0,2.68
P059,1946,943,0.029878012000000002,385.0,441.4,2100.0,783.2,445.0,2.68
P059,3195,923,0.02924433200000001,382.3,446.1,1700.0,462.8,783.2,2.17
P059,1359,912,0.028895808,380.7,495.5,900.0,836.6,783.2,1.08
P059,2546,905,0.02867402,379.7,462.1,900.0,551.8,658.6,1.37
P059,492,882,0.027945288,376.5,487.8,1700.0,1157.0,569.6,1.47
P059,4787,845,0.02677298,371.2,513.4,500.0,551.8,783.2,0.64
P059,4325,803,0.025442252000000002,364.9,458.0,1700.0,907.8,605.2,1.87
P059,3370,790,0.02503036,362.9,500.3,100.0,605.2,658.6,0.15
P059,255,782,0.024776888,361.7,467.9,1300.0,783.2,623.0,1.66
P059,4646,764,0.024206576,358.9,411.3,1300.0,676.4,445.0,1.92
P059,5488,747,0.023667948,356.2,486.5,500.0,712.0,605.2,0.7
P059,336,722,0.022875848,352.2,478.3,100.0,658.6,836.6,0.12
P059,768,718,0.022749112,351.6,441.8,1300.0,640.8,854.4,1.52
P059,2429,695,0.02202038,347.8,436.0,900.0,943.4,427.2,0.95
P059,1485,644,0.020404496000000005,339.0,412.9,1300.0,516.2,658.6,1.97
P059,3866,630,0.01996092,336.6,445.4,500.0,427.2,765.4,0.65
P059,516,621,0.019675764,334.9,443.6,100.0,765.4,658.6,0.13
P059,4892,617,0.019549028000000003,334.2,390.0,500.0,676.4,498.4,0.74
P059,2378,605,0.01916882,332.0,307.3,2100.0,391.6,356.0,5.36
P059,2234,602,0.019073768000000005,331.5,409.4,500.0,551.8,623.0,0.8
P059,1985,600,0.0190104,331.1,353.3,2100.0,516.2,516.2,4.07
P059,3361,582,0.018440088,327.8,371.7,500.0,516.2,498.4,0.97
P059,4147,577,0.018281668000000004,326.8,403.6,500.0,658.6,445.0,0.76
P059,1678,568,0.017996512,325.1,392.4,2100.0,676.4,569.6,3.1
P059,1073,562,0.017806408,324.0,344.7,1300.0,373.8,516.2,2.52
P059,21,553,0.017521252,322.2,372.1,1700.0,498.4,498.4,3.41
P059,794,546,0.017299464,320.9,387.1,900.0,605.2,587.4,1.49
P059,3568,542,0.017172728,320.1,414.4,100.0,623.0,445.0,0.16
P059,1672,540,0.01710936,319.7,378.9,1300.0,551.8,427.2,2.36
P059,2738,536,0.016982624000000005,318.9,367.8,1300.0,640.8,445.0,2.03
P059,2427,531,0.016824204000000002,317.9,358.7,1700.0,623.0,409.4,2.73
P059,1187,530,0.01679252,317.7,380.5,1300.0,551.8,534.0,2.36
P059,4802,527,0.016697468000000004,317.1,343.8,900.0,267.0,605.2,1.49
P059,362,516,0.016348944000000004,314.9,356.9,900.0,480.6,498.4,1.81
P059,1107,509,0.016127156,313.5,328.7,900.0,534.0,338.2,1.69
P059,4811,500,0.015842,311.6,336.3,1300.0,320.4,569.6,2.28
P059,2825,500,0.015842,311.6,398.0,100.0,498.4,551.8,0.18
P059,3571,494,0.015651896000000002,310.4,329.7,900.0,587.4,338.2,1.53
P059,3017,493,0.015620212,310.1,369.5,1300.0,658.6,427.2,1.97
P059,2205,492,0.015588528,309.9,303.6,1300.0,338.2,516.2,2.52
P059,55,490,0.01552516,309.5,367.0,900.0,534.0,534.0,1.69
P059,5386,488,0.015461792000000002,309.1,388.8,500.0,427.2,516.2,0.97
P059,5180,485,0.01536674,308.5,348.4,1300.0,516.2,480.6,2.52
P059,4835,485,0.01536674,308.5,349.7,1300.0,427.2,569.6,2.28
P059,2060,483,0.015303372,308.0,351.5,900.0,391.6,569.6,1.58
P059,1014,481,0.015240004000000003,307.6,370.4,500.0,534.0,658.6,0.76
P059,5549,473,0.014986532,305.9,369.1,500.0,747.6,534.0,0.67
P059,2877,471,0.014923164000000003,305.5,317.9,1300.0,445.0,409.4,2.92
P059,1881,469,0.014859796000000002,305.0,384.2,900.0,605.2,569.6,1.49
P059,3160,469,0.014859796000000002,305.0,354.2,900.0,462.8,587.4,1.53
P059,3943,468,0.014828112,304.8,358.7,900.0,427.2,516.2,1.74
P059,2548,465,0.01473306,304.2,365.2,500.0,480.6,534.0,0.94
P059,543,459,0.014542956000000003,302.8,381.4,100.0,534.0,462.8,0.19
P059,2761,459,0.014542956000000003,302.8,375.9,500.0,427.2,587.4,0.85
P059,2572,454,0.014384536000000002,301.7,344.2,900.0,640.8,391.6,1.4
P059,2862,452,0.014321168000000002,301.3,347.9,900.0,445.0,498.4,1.81
P059,463,449,0.014226116000000004,300.6,312.9,900.0,534.0,302.6,1.69
P059,3969,444,0.014067696000000001,299.5,339.1,900.0,338.2,623.0,1.44
P059,3905,441,0.013972644,298.8,360.4,900.0,516.2,498.4,1.74
P059,2410,440,0.01394096,298.6,285.9,1700.0,356.0,427.2,3.98
P059,4338,431,0.013655804,296.6,318.4,900.0,462.8,391.6,1.94
P059,1743,430,0.013624120000000002,296.3,324.8,900.0,409.4,498.4,1.81
P059,204,430,0.013624120000000002,296.3,298.4,1300.0,498.4,267.0,2.61
P059,1839,428,0.013560752000000002,295.9,338.7,1300.0,373.8,498.4,2.61
P059,1336,424,0.013434016000000003,294.9,317.9,1300.0,623.0,302.6,2.09
P059,3032,421,0.013338964000000002,294.2,354.7,500.0,462.8,445.0,1.08
P059,5294,421,0.013338964000000002,294.2,365.2,100.0,605.2,391.6,0.17
P059,3136,420,0.013307280000000001,294.0,352.9,500.0,658.6,587.4,0.76
P059,3327,418,0.013243912000000002,293.5,348.8,900.0,534.0,445.0,1.69
P059,3443,416,0.013180544,293.1,361.7,500.0,551.8,480.6,0.91
P059,1665,414,0.013117176,292.6,345.6,900.0,498.4,498.4,1.81
P059,533,408,0.012927072000000001,291.2,336.8,900.0,409.4,516.2,1.74
P059,5382,408,0.012927072000000001,291.2,356.9,500.0,427.2,587.4,0.85
P059,876,406,0.012863704,290.7,344.2,900.0,391.6,676.4,1.33
P059,3185,406,0.012863704,290.7,347.0,1300.0,587.4,480.6,2.21
P059,1651,404,0.012800336000000002,290.2,332.5,1300.0,480.6,516.2,2.52
P059,907,403,0.012768652000000002,290.0,315.9,900.0,249.2,605.2,1.49
P059,1604,402,0.012736968,289.7,326.8,1300.0,516.2,409.4,2.52
P059,1950,399,0.012641916000000001,289.0,347.9,900.0,445.0,480.6,1.87
P059,2440,396,0.012546864000000001,288.3,350.2,900.0,427.2,534.0,1.69
P059,3359,396,0.012546864000000001,288.3,310.9,1300.0,445.0,373.8,2.92
P059,1354,395,0.01251518,288.1,318.9,900.0,462.8,391.6,1.94
P059,2446,395,0.01251518,288.1,312.4,900.0,551.8,356.0,1.63
P059,1096,392,0.012420128000000002,287.3,296.3,1300.0,302.6,427.2,3.04
P059,5327,392,0.012420128000000002,287.3,319.4,900.0,302.6,498.4,1.81
P059,884,392,0.012420128000000002,287.3,300.0,1300.0,391.6,356.0,3.32
